Age,Attrition,BusinessTravel,Department,DistanceFromHome,Education,EducationField,EnvironmentSatisfaction,Gender,JobInvolvement,JobLevel,JobRole,JobSatisfaction,MaritalStatus,MonthlyIncome,NumCompaniesWorked,OverTime,PerformanceRating,RelationshipSatisfaction,StockOptionLevel,TotalWorkingYears,TrainingTimesLastYear,WorkLifeBalance,YearsAtCompany,YearsInCurrentRole,YearsSinceLastPromotion,YearsWithCurrManager
56,0,0,1,10,5,0,3,0,4,5,7,1,2,7183,6,0,3,2,3,39,1,4,15,10,5,7
46,0,2,0,2,1,5,2,0,3,1,8,2,0,2312,1,0,3,1,2,28,3,1,7,2,9,16
32,0,0,1,11,4,4,2,0,4,4,0,1,1,8314,6,0,3,4,1,17,1,2,10,3,8,11
25,0,0,1,10,1,0,4,0,4,1,4,2,1,19767,5,0,3,3,3,10,5,1,4,4,0,8
38,0,0,1,22,2,4,1,1,3,4,6,4,1,3139,9,0,4,2,0,19,1,4,6,4,10,15
56,0,0,1,6,3,4,3,0,4,4,7,4,2,15688,8,0,3,4,3,40,6,1,1,0,8,15
36,0,1,1,18,1,2,2,1,2,5,1,3,2,19088,8,1,3,3,2,20,3,1,8,7,5,15
40,0,0,1,2,3,1,1,0,1,3,3,3,1,7924,1,0,4,4,2,26,5,2,3,0,11,3
28,0,0,1,2,1,0,3,0,1,2,6,3,0,1362,6,0,3,2,2,14,4,3,4,0,3,6
28,0,0,0,10,2,0,4,1,4,2,4,1,1,19988,4,0,3,2,2,12,4,4,7,2,11,0
41,0,1,1,16,2,0,2,1,1,2,0,4,1,14481,5,0,3,3,2,25,3,2,19,2,4,0
53,0,1,1,12,4,4,4,0,4,3,1,2,1,4738,0,0,3,2,2,38,3,3,0,0,12,7
57,0,0,1,1,2,3,4,1,3,1,4,3,0,3469,6,0,4,4,0,40,5,1,12,10,0,7
41,0,0,0,21,3,1,4,1,2,2,5,2,1,17106,5,0,3,3,2,21,2,3,2,1,6,9
20,0,0,1,8,2,5,3,0,1,1,0,2,0,17940,3,1,4,3,0,0,6,1,4,0,12,0
39,0,0,0,16,1,0,4,0,3,3,2,3,1,10017,0,0,3,4,3,22,5,1,0,0,14,13
19,0,0,1,18,2,3,3,0,2,3,5,4,0,3808,8,0,3,1,1,3,2,2,2,0,14,13
41,0,0,0,13,3,3,3,1,1,5,5,3,1,17370,3,0,4,3,0,22,2,1,4,3,12,9
47,1,0,1,15,1,3,4,0,1,2,6,2,0,15870,1,1,3,1,3,30,2,2,0,0,7,15
55,0,0,1,21,4,1,4,0,2,5,2,3,2,13713,7,0,4,4,1,40,5,3,4,1,10,8
19,0,0,1,12,4,3,1,1,3,2,0,2,1,8561,1,0,3,4,0,3,0,3,18,12,4,15
38,0,0,0,8,4,5,2,0,3,3,6,2,0,3719,4,0,3,3,0,18,0,1,0,0,1,7
50,0,1,1,10,1,0,1,1,1,3,2,3,1,12700,5,0,4,2,3,31,4,2,10,0,7,6
29,0,0,1,14,4,5,2,1,2,4,4,1,2,4741,7,0,3,3,2,12,0,1,3,1,9,10
39,0,0,1,5,2,0,2,0,3,4,3,3,1,10766,0,0,4,2,0,20,0,2,7,1,6,5
42,0,0,0,18,1,2,1,1,2,3,0,1,1,4998,0,0,4,1,0,26,2,2,2,2,9,14
44,0,0,0,19,1,4,1,1,2,3,6,2,0,19787,3,0,4,2,3,26,2,2,1,0,8,13
59,0,0,1,15,1,3,2,0,1,1,3,2,1,17077,4,1,3,3,2,40,3,3,1,1,3,14
45,1,2,1,6,5,5,2,1,2,1,0,1,1,1294,8,0,3,2,1,26,2,2,0,0,10,5
33,0,0,0,27,3,4,2,0,2,5,5,2,1,11177,6,0,4,4,2,18,5,3,1,0,8,9
32,0,0,1,11,5,4,3,0,4,4,3,1,2,10882,6,0,3,1,2,12,3,2,7,3,3,13
20,1,0,1,21,5,4,2,0,2,4,3,1,0,2136,7,1,3,4,3,4,6,3,14,1,2,15
54,0,0,0,11,5,4,4,0,3,3,1,2,0,3064,4,0,4,4,2,35,3,4,11,2,14,12
24,1,2,2,20,3,4,4,0,1,3,0,4,2,8009,4,1,3,4,3,8,0,3,8,4,10,10
38,1,0,1,20,5,0,4,1,1,5,2,1,1,13987,0,1,4,4,1,18,2,3,0,0,2,2
26,0,1,1,21,4,1,1,1,2,4,4,3,0,5543,8,0,3,2,0,11,0,1,2,0,9,7
56,0,2,1,18,1,3,1,1,2,1,8,3,1,2007,5,0,3,4,0,40,2,2,2,0,1,2
35,0,0,1,25,1,3,1,0,3,2,6,2,2,6445,8,0,3,2,3,21,0,4,2,1,9,1
21,0,0,0,18,2,0,2,0,4,5,3,4,0,11706,2,0,3,4,3,1,6,1,5,2,2,13
42,1,0,0,10,4,5,4,0,1,2,7,2,0,15749,4,1,3,3,2,22,0,2,5,0,13,14
31,0,1,0,2,3,0,2,0,4,1,3,4,0,12718,1,0,3,4,2,14,0,4,3,1,7,2
26,1,0,1,26,1,4,3,1,3,1,5,1,2,10439,9,0,4,3,0,11,5,4,3,2,10,0
43,1,0,1,9,5,1,3,1,1,2,0,1,2,14281,4,1,3,2,0,28,6,4,12,9,7,14
19,0,0,1,14,2,3,1,0,3,5,5,1,1,2435,7,0,3,1,0,5,4,2,10,7,1,1
37,0,0,0,19,2,5,3,0,2,2,4,1,1,1571,1,0,3,2,3,21,6,4,2,0,10,0
45,0,1,1,10,1,2,4,0,3,5,1,3,1,3382,7,0,3,1,1,27,0,4,17,3,1,8
24,0,0,1,23,4,0,3,1,2,5,0,3,0,6084,3,0,3,1,1,10,1,1,21,5,1,2
25,0,0,1,4,2,2,1,1,4,3,5,2,2,17661,9,0,3,4,3,8,1,3,2,1,9,1
52,0,0,1,29,1,3,2,0,1,4,1,4,0,14507,9,0,3,1,2,37,1,2,3,2,6,3
31,1,0,1,29,4,0,3,0,1,4,8,1,1,8059,0,0,3,2,1,11,5,3,4,4,14,15
34,1,0,1,6,1,3,4,1,4,1,8,1,1,19271,4,1,3,4,2,19,3,1,19,9,5,0
53,0,0,0,14,1,0,4,1,2,3,0,4,0,13771,0,0,3,1,0,39,0,3,14,5,11,8
57,0,0,1,4,4,5,4,0,1,4,4,4,1,18649,6,0,3,2,0,39,6,4,0,0,10,7
21,0,0,2,26,4,3,2,0,3,5,7,2,1,8491,7,0,3,1,2,2,1,4,3,2,0,5
19,0,0,2,15,4,2,4,0,2,5,3,4,1,15527,2,0,3,1,0,0,5,2,5,5,1,15
23,0,0,0,16,1,1,1,1,1,2,2,1,0,18424,2,0,3,4,3,8,3,2,4,3,13,7
59,0,1,1,7,2,5,1,0,3,2,4,1,0,15859,6,0,3,4,2,40,1,2,1,1,0,3
21,1,1,0,17,3,5,4,1,3,5,4,1,1,9073,3,1,3,2,2,4,2,1,13,10,14,2
46,0,0,1,19,3,0,3,0,1,5,7,1,2,10077,2,0,4,4,2,31,4,2,7,5,11,14
35,1,0,1,29,1,2,4,0,4,2,5,1,0,12383,7,0,4,4,1,17,0,1,12,9,10,5
43,0,1,1,19,1,3,1,0,4,4,1,2,2,17378,2,1,3,3,2,28,4,4,13,11,6,0
51,0,0,0,17,2,2,1,1,1,1,0,1,1,3353,6,0,4,3,2,35,4,3,9,7,5,10
27,0,2,1,6,4,5,1,0,3,2,2,2,2,5799,1,0,3,2,2,13,2,4,4,1,1,2
53,1,2,1,29,1,0,3,1,4,4,1,1,0,18070,0,0,3,4,1,35,2,4,6,3,1,12
31,1,0,0,11,5,2,3,0,4,4,3,3,0,12939,5,1,3,2,0,14,2,4,1,1,1,16
48,1,0,1,16,4,3,3,1,4,4,2,3,0,3428,7,1,3,3,1,32,3,2,7,7,7,13
32,0,0,0,25,1,4,1,0,2,3,8,3,1,12296,0,0,3,3,3,16,1,2,1,0,13,6
25,0,0,1,8,5,5,2,1,4,3,4,3,2,8813,9,0,3,3,2,11,6,2,8,3,6,6
31,0,2,1,11,2,1,4,0,1,4,3,2,0,15414,8,0,3,2,3,12,0,3,1,0,0,13
40,0,2,1,7,5,1,4,1,1,5,8,2,1,12801,2,0,3,4,1,22,2,2,0,0,3,14
57,1,0,1,26,1,5,1,1,2,3,3,4,0,12745,2,1,3,1,0,40,5,1,1,0,10,11
38,1,0,1,24,3,4,3,0,2,2,5,1,1,14025,3,1,3,4,0,22,0,4,0,0,3,11
33,0,0,1,22,1,0,2,1,1,3,0,3,0,4356,0,0,4,2,2,16,6,3,8,0,6,7
35,0,0,0,25,3,2,2,1,2,5,1,2,0,15288,8,0,3,3,0,21,0,3,9,6,1,15
41,0,0,2,19,2,2,3,0,4,1,3,1,1,7540,2,0,3,1,1,22,0,3,5,3,3,8
43,1,2,1,26,2,4,4,1,3,3,8,1,1,17422,9,0,3,2,1,27,2,3,1,0,0,1
42,0,0,1,10,4,4,4,0,3,4,5,2,0,4342,3,0,3,3,0,28,2,3,0,0,12,13
58,0,0,2,9,4,3,2,0,3,4,5,3,0,10078,0,0,3,2,2,40,1,1,0,0,14,15
46,0,0,0,4,3,3,2,1,1,4,8,4,0,3844,3,0,3,1,2,27,6,4,1,0,12,4
32,0,0,1,23,3,1,3,1,2,1,3,1,2,11396,0,0,3,3,1,14,2,3,15,3,10,4
18,0,0,1,15,2,0,4,1,3,5,2,4,1,18482,4,0,3,4,0,0,2,4,1,0,10,4
42,0,0,1,13,5,0,2,1,4,2,6,3,1,19207,4,0,3,2,1,24,0,2,3,1,3,10
24,0,0,0,25,3,4,4,1,4,5,6,3,1,14998,6,1,3,1,1,10,1,3,0,0,10,12
26,0,1,1,2,3,1,2,0,4,1,8,4,0,14261,7,0,3,4,3,7,4,3,1,0,14,2
41,1,0,0,2,5,1,3,0,2,4,5,3,1,4093,3,1,3,1,1,27,2,4,5,4,13,16
18,1,0,1,16,4,3,4,1,3,5,1,1,0,12722,6,1,3,2,2,4,5,3,6,4,0,13
25,0,1,1,9,4,2,2,1,4,2,5,4,1,12645,3,0,4,1,0,11,2,3,1,1,1,11
41,0,1,1,28,3,0,2,1,2,4,7,3,1,16083,2,0,3,3,0,25,4,3,0,0,1,13
28,0,0,1,13,4,1,2,1,4,2,5,4,1,1988,5,0,3,1,3,13,0,1,3,2,11,1
34,1,0,1,3,4,3,2,1,3,3,8,1,0,7446,3,0,3,2,3,14,6,1,1,0,9,6
25,0,1,1,9,4,3,3,0,3,2,3,3,0,17335,2,0,3,3,2,9,1,3,1,1,11,14
52,1,0,1,13,2,3,4,0,3,4,2,1,2,17133,8,1,3,1,3,33,0,1,22,0,2,9
52,1,0,1,21,1,2,4,0,3,3,4,3,1,2682,4,0,3,1,1,32,6,2,6,4,7,14
50,0,0,1,22,3,1,1,1,3,4,2,2,0,6626,6,0,3,3,1,30,3,3,5,4,10,16
22,0,0,1,2,3,4,4,1,4,4,1,3,0,8424,5,0,3,4,2,2,2,2,3,2,5,10
59,0,0,1,8,2,4,1,1,3,3,1,4,2,13857,9,0,3,4,0,40,6,4,3,2,5,1
56,1,0,0,27,1,3,2,0,4,2,3,3,1,13155,4,1,4,3,2,40,5,2,5,5,8,3
58,0,1,1,9,1,3,3,0,3,1,2,1,2,18317,6,0,3,1,3,40,6,4,8,7,7,8
45,0,1,1,16,2,2,3,0,4,1,8,1,0,12425,5,0,3,4,0,26,3,3,8,4,1,16
24,0,2,0,2,5,3,2,0,3,1,6,3,1,2980,9,0,3,3,0,9,2,4,1,0,14,16
26,0,0,1,6,5,5,1,1,4,1,5,4,0,16522,1,0,3,2,0,11,3,4,4,4,5,16
25,0,0,1,22,1,1,2,1,3,5,7,2,1,9984,2,0,3,1,3,8,4,2,3,0,0,15
29,0,1,1,8,5,3,3,1,2,1,8,4,0,18175,1,0,3,2,1,9,2,2,14,7,12,7
51,0,0,0,26,5,3,3,1,4,3,2,2,0,16883,2,0,4,1,1,37,5,2,6,1,13,14
50,1,0,1,28,5,1,4,1,2,1,6,1,0,6390,0,0,3,4,3,33,2,3,5,1,8,0
40,1,0,0,5,1,0,1,1,4,4,8,4,1,19639,7,1,3,2,3,23,3,3,0,0,3,14
41,1,0,0,9,5,5,4,0,4,1,0,2,1,2607,5,1,3,2,2,26,1,2,6,6,3,8
54,0,0,1,1,3,5,3,1,4,2,8,3,1,7573,1,0,3,3,2,35,3,3,0,0,8,4
52,1,0,0,9,1,4,3,1,1,3,6,1,2,18368,7,1,3,4,1,34,2,3,2,1,2,15
57,0,2,1,10,2,3,4,1,3,3,3,3,1,6776,5,1,3,4,3,40,2,4,1,1,4,12
39,0,0,0,23,5,1,4,1,2,5,5,1,1,4676,6,0,3,1,2,22,6,4,8,7,0,15
44,0,2,1,4,4,4,3,1,2,4,5,4,2,4380,0,0,3,3,3,30,1,2,1,1,5,10
52,0,1,1,3,1,2,4,1,4,3,5,4,1,9711,6,0,3,3,3,35,0,3,3,0,2,12
18,1,0,1,10,2,0,4,1,2,2,1,1,0,9782,2,1,3,1,1,0,1,4,15,10,0,5
52,1,1,1,15,3,3,1,1,2,1,4,1,2,18434,7,1,3,2,1,38,0,1,1,1,9,16
54,1,0,1,11,2,0,3,0,2,3,6,1,0,14997,5,1,4,1,3,34,5,3,4,1,5,4
31,0,0,1,14,5,3,2,0,2,2,5,4,1,7342,3,0,3,1,0,16,2,1,3,1,13,16
20,0,0,1,6,4,3,1,0,1,1,2,2,0,18343,7,0,3,1,0,0,6,2,0,0,11,0
18,0,0,1,12,5,3,2,1,4,5,4,3,1,7059,8,0,3,3,3,4,4,3,11,1,9,4
22,0,0,1,13,2,0,4,0,2,3,7,3,1,9884,9,1,3,1,1,6,4,2,0,0,1,4
43,0,0,1,17,1,5,4,1,1,3,4,4,0,6655,1,0,3,1,0,29,3,2,4,3,7,6
31,0,0,1,16,4,2,2,0,1,2,2,3,1,13091,5,0,4,1,1,14,1,2,5,1,13,15
56,0,0,1,3,4,5,4,0,4,4,8,1,1,16251,4,0,3,4,0,36,1,2,6,3,12,5
44,0,0,1,2,2,1,4,1,3,5,2,2,0,1526,4,0,3,2,3,25,4,2,8,0,14,1
26,0,0,0,11,5,1,1,1,3,4,1,3,1,4224,9,0,3,2,2,10,0,3,2,1,10,12
32,1,0,1,29,2,5,2,1,3,3,5,2,0,16069,2,1,3,2,2,17,1,1,0,0,11,9
32,1,1,1,9,4,2,1,1,2,4,7,1,2,12536,7,1,3,2,1,14,0,3,8,6,1,10
43,0,0,1,3,2,2,2,0,4,1,5,3,1,14547,7,0,4,3,1,26,0,3,5,0,3,1
59,1,1,1,29,4,3,1,0,3,5,0,4,2,19259,4,1,3,3,0,40,0,3,12,11,13,7
30,1,0,0,18,5,3,3,1,2,4,7,2,0,2763,7,1,4,1,3,11,0,4,12,0,2,16
49,1,0,1,20,1,1,3,0,4,1,0,1,0,9712,9,1,3,3,0,31,6,4,12,1,8,15
56,0,0,1,15,1,3,2,0,2,2,8,2,0,6797,7,1,3,2,3,38,3,3,4,3,1,9
49,0,0,1,14,2,3,3,0,3,4,7,3,0,10208,2,0,3,4,3,34,3,1,2,2,2,4
21,0,2,1,2,4,2,1,1,3,5,5,3,1,6109,1,0,3,1,1,6,6,3,10,3,6,13
47,0,0,1,17,1,0,2,1,1,1,1,4,2,17500,8,0,4,1,2,31,4,2,4,4,3,3
54,0,0,1,22,4,5,3,1,1,4,8,1,1,3433,1,0,3,2,2,37,3,4,1,1,5,15
40,0,0,1,26,5,4,3,0,4,2,7,1,2,17967,8,0,4,2,1,20,5,4,13,3,2,14
56,0,0,1,8,2,4,2,1,2,4,3,4,0,5167,3,0,3,2,2,40,6,3,14,8,0,8
32,0,1,1,10,4,3,3,1,2,1,1,4,2,18773,1,0,3,3,1,13,1,3,4,3,10,2
46,1,0,1,26,2,3,3,0,3,4,5,1,0,9357,9,0,4,1,0,27,5,1,0,0,5,8
53,0,1,1,18,4,5,2,1,3,5,0,2,2,7154,0,1,3,2,3,34,6,1,3,2,3,3
30,0,0,0,25,4,4,3,1,4,3,6,2,0,9920,3,0,3,4,2,16,3,2,11,5,1,3
49,0,0,0,29,5,2,3,1,1,1,0,4,2,19427,8,0,3,1,2,34,1,3,16,12,6,8
24,0,0,0,19,2,4,3,0,3,1,5,2,0,18162,8,0,4,1,0,9,1,3,1,0,14,0
39,1,0,1,8,3,4,3,1,2,1,4,1,0,1213,3,0,3,3,0,20,0,3,0,0,9,0
45,0,1,1,28,4,4,4,0,3,1,2,3,1,4762,8,0,3,1,2,30,4,4,14,6,12,2
19,0,0,1,8,4,3,2,0,1,4,5,3,1,14399,5,0,3,2,2,5,0,2,3,3,11,9
59,0,0,1,3,1,3,4,0,2,5,3,2,1,10768,0,1,3,2,1,39,6,1,5,4,14,11
23,0,2,1,3,2,5,4,0,1,2,5,4,2,11640,9,0,3,4,1,3,0,4,24,3,12,13
45,0,0,1,12,3,4,1,0,4,5,3,4,1,7731,5,0,3,1,2,29,5,4,0,0,4,9
45,0,0,0,22,5,3,4,0,4,1,0,4,1,6791,8,0,3,1,1,28,3,4,7,0,5,9
37,1,0,1,17,3,5,4,1,1,4,4,4,0,16822,1,1,3,3,0,17,5,4,0,0,5,0
47,0,0,0,4,5,4,1,1,2,4,7,4,1,9783,5,0,3,2,3,31,3,2,3,1,13,14
28,0,0,0,17,3,2,3,0,1,1,5,2,1,14621,1,0,3,4,1,10,5,3,11,7,8,7
45,1,0,0,14,3,3,3,0,3,4,8,3,2,17019,3,1,3,2,3,28,1,1,3,0,11,2
42,0,1,0,19,2,0,4,1,3,1,3,3,1,3720,7,0,3,1,1,22,3,1,40,35,1,8
56,0,0,0,9,1,5,1,1,1,5,8,2,1,9905,6,1,3,1,2,40,3,4,5,5,11,15
50,0,1,1,21,3,3,3,1,3,3,7,4,0,10127,8,0,3,4,1,32,5,4,2,0,5,14
18,0,0,0,12,4,2,1,0,1,4,2,2,0,17385,6,0,3,1,3,2,2,2,1,0,8,4
44,0,0,1,5,4,2,2,0,3,1,5,3,1,7368,0,0,4,4,3,24,1,4,3,0,11,12
30,1,0,0,11,4,3,2,1,1,1,3,1,0,15056,1,1,3,4,2,10,6,1,3,0,3,6
58,0,2,0,20,1,1,2,0,3,4,0,2,0,13236,5,0,3,2,3,40,1,1,0,0,12,15
20,1,0,1,3,3,5,2,0,2,2,8,4,0,19333,6,1,3,4,2,2,6,3,3,0,11,6
56,1,0,1,21,5,4,4,0,2,1,3,3,2,15451,2,1,3,1,2,36,2,3,4,0,12,15
23,1,0,1,15,5,4,2,0,3,4,4,3,0,18301,8,1,4,3,3,4,5,1,8,2,12,12
25,1,2,2,14,2,2,2,1,1,1,2,3,2,11433,6,1,3,3,0,11,5,1,7,6,10,16
44,0,2,1,11,1,3,1,0,3,2,3,3,0,16525,5,0,3,1,3,29,1,2,8,8,5,8
26,0,0,1,20,3,1,3,0,4,3,8,4,0,1089,5,0,3,3,3,11,5,2,0,0,6,11
54,0,0,1,8,4,5,1,0,4,2,6,1,1,19093,0,0,3,3,1,34,4,1,1,0,0,12
50,0,0,1,4,1,0,4,0,1,5,7,3,1,11361,4,0,3,4,3,36,4,4,7,4,4,8
59,0,2,0,27,1,4,2,1,3,4,2,2,1,17369,9,0,4,3,1,40,6,3,4,2,3,4
41,0,0,1,12,3,5,3,0,3,2,2,1,1,4041,2,0,3,3,1,24,2,1,0,0,12,6
32,0,0,1,8,2,5,3,0,2,3,6,3,0,1105,6,0,3,3,3,14,3,4,11,11,12,0
49,0,2,1,6,2,1,2,1,1,1,7,1,1,10078,9,0,3,2,2,32,4,1,10,3,12,3
49,0,0,1,15,2,5,2,0,4,4,4,2,1,19279,2,1,3,1,0,33,6,3,5,1,9,3
41,0,1,0,12,4,4,4,0,4,2,0,3,1,7090,4,0,3,4,3,24,5,3,0,0,14,15
58,0,0,1,16,4,3,4,0,1,3,2,2,2,7082,6,1,4,3,3,40,2,2,10,9,14,4
29,0,0,0,16,3,4,2,0,4,2,4,4,1,18018,2,0,3,1,2,10,6,2,6,2,1,3
56,0,0,2,27,2,0,2,1,1,5,2,3,1,2925,9,0,3,3,1,40,6,2,10,0,1,5
19,0,0,0,21,3,3,2,1,4,4,0,3,2,19440,1,0,3,2,2,5,4,2,9,8,1,2
20,0,0,0,20,2,2,2,1,4,1,6,3,2,7917,5,1,3,2,2,5,0,3,11,0,6,7
54,0,0,1,20,1,1,3,0,1,3,0,3,1,1552,7,0,3,3,1,35,2,4,5,1,10,16
34,1,0,1,28,5,4,4,0,1,2,5,4,0,4911,3,1,3,3,3,19,1,4,1,0,12,11
19,0,2,0,4,5,3,2,1,4,4,5,3,2,4389,8,0,3,3,2,2,6,4,7,4,10,0
19,1,0,1,11,2,5,2,1,4,2,6,1,0,14629,7,1,3,2,2,3,4,1,6,3,3,11
45,1,0,0,13,3,3,3,0,2,4,0,3,0,3430,6,1,3,2,3,25,1,2,9,8,14,10
40,1,0,0,29,4,4,1,0,3,5,2,4,1,1458,6,0,3,1,3,21,2,2,1,0,5,12
54,1,0,0,9,2,2,2,0,1,2,8,3,1,14395,2,1,3,4,0,37,4,3,1,1,6,2
49,0,2,1,4,2,4,3,0,1,5,1,1,2,1207,5,0,3,4,2,35,1,3,15,2,8,7
50,0,0,1,12,4,2,3,0,3,3,4,4,1,1899,4,0,3,2,0,33,3,1,9,2,10,2
18,0,0,1,9,2,5,1,0,2,5,2,4,2,12653,0,1,3,4,1,1,6,1,16,15,1,16
36,0,1,1,13,1,4,4,0,4,4,4,1,0,17405,2,0,3,3,3,16,3,4,9,4,9,12
19,1,0,0,16,4,3,4,0,4,3,6,1,0,9601,0,1,3,1,3,1,0,3,6,4,11,9
43,1,0,1,26,1,0,4,0,2,2,0,1,1,1894,3,0,3,2,0,28,5,2,7,2,12,16
49,1,1,1,6,5,0,2,0,2,2,2,1,2,1514,9,1,3,2,2,34,2,4,15,9,8,2
23,0,1,0,10,4,5,4,1,3,4,5,1,1,5109,2,0,3,4,1,9,5,2,6,5,10,12
49,1,0,1,13,4,3,2,0,3,1,6,4,0,14258,3,1,3,3,2,33,5,4,7,7,4,5
21,0,0,1,7,3,0,2,0,4,1,2,4,0,16313,8,0,3,1,2,7,1,2,1,1,12,13
28,0,2,1,28,3,5,3,0,2,2,3,3,0,16349,2,0,3,4,0,10,0,1,4,1,5,9
34,0,0,1,26,4,2,4,1,2,4,5,3,1,8179,5,0,3,2,2,19,2,4,8,5,5,15
55,0,1,1,19,5,3,4,0,4,1,4,2,0,11326,5,0,3,2,0,39,3,2,2,1,10,12
41,0,2,1,24,2,2,4,1,4,5,8,3,2,12787,6,0,3,4,3,27,5,2,1,1,2,9
22,0,0,1,19,3,3,2,0,4,2,0,3,1,2560,8,0,3,3,3,6,1,3,2,0,10,5
51,1,0,0,17,5,2,2,1,4,5,4,1,1,14612,6,1,3,1,3,34,5,4,1,1,10,9
23,0,0,2,13,5,2,4,1,4,4,0,1,0,18650,0,0,3,1,1,4,4,2,1,0,9,4
39,0,0,0,13,3,0,2,0,3,5,7,3,0,5780,7,0,4,1,1,22,3,3,3,2,6,5
28,0,0,0,26,2,3,2,1,4,1,6,2,1,19311,4,0,3,1,2,8,5,2,16,12,14,6
33,1,2,1,28,3,4,1,1,2,1,4,1,2,12894,8,0,4,3,0,18,4,4,4,3,12,10
50,0,0,1,21,5,0,1,0,1,3,5,3,1,3356,9,0,3,2,2,34,4,1,1,0,6,15
26,0,0,2,2,1,2,4,0,3,2,3,3,2,5790,4,1,3,2,3,12,1,4,0,0,7,11
23,0,0,1,10,3,2,4,0,2,4,8,4,2,17690,4,0,3,1,2,4,1,4,8,0,4,11
33,1,0,0,22,5,4,1,0,1,2,2,2,0,11181,1,1,3,1,2,19,4,2,3,3,1,4
46,0,0,1,13,3,4,2,0,3,5,1,4,0,8057,2,0,3,1,2,31,0,2,12,8,14,15
20,0,0,0,26,5,2,2,0,4,4,6,2,1,17082,9,0,3,4,3,4,5,4,7,2,12,5
37,0,0,1,9,2,4,3,1,3,4,1,1,1,1661,8,0,4,4,0,21,4,3,11,1,2,8
53,0,1,1,1,5,1,4,1,4,1,5,2,0,5644,6,0,3,2,2,36,4,3,2,1,8,4
36,0,0,0,14,4,0,4,0,4,5,7,3,1,16711,0,0,4,2,3,17,1,3,8,5,14,15
43,1,0,1,29,1,3,4,0,4,1,2,3,1,3920,2,1,3,1,1,24,5,2,2,1,5,11
20,0,0,1,16,5,4,3,0,1,1,2,2,2,17002,1,0,3,4,0,5,2,2,19,3,7,1
36,1,1,1,20,3,4,3,0,3,3,2,2,0,15025,0,1,3,3,3,20,3,4,7,1,7,9
37,0,2,1,15,3,1,2,1,4,1,0,2,0,9946,8,0,3,4,2,18,1,1,2,0,13,11
49,0,0,0,1,5,3,1,1,2,2,8,4,1,13732,7,0,3,2,3,30,5,2,2,1,4,13
24,1,1,0,17,4,1,1,0,3,4,4,2,1,7236,4,1,4,4,0,10,5,4,1,0,0,5
58,1,0,0,24,5,3,1,1,2,1,8,1,1,17309,1,1,3,2,2,40,6,4,8,1,5,4
50,0,0,0,13,2,0,2,1,1,2,4,4,2,14518,0,0,3,1,1,33,0,1,1,1,6,15
57,0,1,1,27,4,4,1,0,1,5,6,4,2,1352,6,0,3,3,1,40,3,3,6,1,8,13
56,0,0,2,15,5,0,3,0,3,4,0,2,1,8005,1,0,3,1,1,40,1,4,2,1,1,12
35,1,0,1,16,1,3,3,1,1,5,8,1,0,15036,0,1,3,1,3,17,1,4,7,4,11,1
57,0,0,1,16,4,4,4,0,1,2,0,4,1,17542,1,1,3,3,0,37,2,4,11,4,12,1
18,0,0,1,2,5,1,1,0,3,5,3,3,1,1956,6,0,3,3,1,0,6,3,10,4,1,11
28,0,0,1,17,1,2,3,0,2,5,6,4,2,3071,6,0,3,3,2,9,6,3,10,6,9,0
45,0,0,1,11,5,1,4,1,4,5,8,2,2,9595,9,1,3,2,2,29,0,1,1,0,0,15
42,0,0,2,8,2,2,1,1,3,1,0,1,1,16140,5,0,3,1,2,22,6,2,0,0,4,6
40,1,0,1,20,3,1,1,1,3,1,5,2,1,13803,4,1,3,2,3,20,0,3,8,1,1,6
48,0,0,0,3,5,3,3,1,4,1,4,3,0,4453,2,0,3,3,0,32,5,2,3,2,2,15
47,0,0,1,29,4,0,4,0,2,4,2,3,0,7675,2,0,3,2,0,27,5,2,3,3,1,5
59,0,1,0,12,5,2,4,0,4,2,1,3,0,1955,8,0,4,3,1,40,1,3,0,0,10,0
52,0,0,1,20,5,3,3,1,4,1,0,2,0,7295,3,0,4,4,0,32,2,4,2,2,3,0
24,0,2,1,16,5,0,3,1,2,5,1,4,1,16921,8,0,3,3,2,10,1,1,0,0,10,13
33,0,2,0,14,5,0,3,0,2,5,3,2,1,19096,3,1,4,1,2,18,6,2,14,5,2,5
43,1,0,2,16,4,4,1,1,4,5,5,1,1,16282,1,1,3,1,3,28,4,4,1,1,8,5
19,0,0,2,27,4,4,3,1,4,5,4,4,1,5703,3,0,3,1,2,1,5,3,5,3,9,3
18,0,0,1,21,5,4,3,1,3,3,3,3,1,7563,5,0,3,2,0,4,4,2,0,0,11,11
29,0,0,1,17,3,2,2,1,2,4,7,2,1,13003,5,0,4,1,2,9,6,2,7,1,1,9
22,0,0,0,11,5,2,3,1,1,2,6,3,0,11817,4,0,3,3,1,5,2,2,2,1,6,2
54,0,0,1,17,4,0,3,1,2,2,3,3,2,12171,0,0,3,4,3,38,1,4,15,12,14,2
49,1,0,1,19,2,2,1,1,4,1,4,1,0,13582,2,1,4,1,3,35,5,4,15,11,10,7
26,0,2,0,22,5,0,4,0,4,3,4,4,2,13201,4,0,3,2,0,6,2,4,2,2,13,0
58,0,2,1,1,5,3,1,0,4,2,2,1,0,18778,5,0,3,4,2,40,1,2,16,9,2,14
52,0,0,1,27,5,1,2,0,4,4,8,1,1,13473,0,0,3,1,2,37,1,2,38,36,9,16
36,0,0,0,12,5,0,3,1,1,5,4,1,0,10461,8,0,3,1,0,20,4,1,12,7,7,10
33,1,0,1,15,1,0,3,0,2,1,1,3,0,16596,2,1,3,4,0,16,3,1,13,5,3,12
20,1,0,0,18,5,3,3,0,1,4,3,1,1,1529,9,0,3,1,1,0,6,4,2,0,13,9
37,1,1,1,28,4,4,3,0,1,2,3,1,1,13765,2,0,3,2,0,17,0,4,6,3,3,12
41,0,1,1,23,4,5,3,0,4,3,4,4,0,14910,1,0,3,3,2,24,5,3,0,0,8,16
50,0,0,0,14,1,4,3,1,1,1,7,4,1,12561,7,1,3,3,1,33,0,4,0,0,10,0
41,1,0,2,1,5,4,2,0,4,2,4,1,0,10131,2,1,3,4,3,24,2,1,40,21,2,15
28,1,0,0,13,3,0,3,0,4,1,0,4,1,1525,5,1,3,3,2,13,0,1,2,1,6,15
25,0,2,1,15,5,0,3,0,4,2,1,4,2,17385,1,0,3,1,3,9,4,1,9,5,0,2
53,1,0,1,7,4,2,3,0,1,5,2,1,2,1374,6,0,3,1,3,39,3,2,11,0,6,1
55,0,0,1,15,2,2,2,1,4,3,2,3,1,13197,3,0,4,2,3,38,5,2,13,5,9,5
57,0,1,0,20,2,1,3,1,1,5,5,1,0,5648,8,0,3,3,2,40,6,4,40,16,10,10
37,0,1,1,10,3,1,2,0,2,2,8,4,0,3365,9,0,3,4,3,19,1,3,1,0,1,2
52,0,2,1,14,5,5,1,0,4,4,0,3,2,18909,8,0,4,1,2,32,1,3,0,0,11,0
42,1,0,1,6,1,2,3,0,3,5,5,2,0,2646,6,1,3,4,3,22,6,3,3,2,13,10
52,0,0,1,14,5,0,4,0,3,4,8,3,2,1013,7,0,3,1,0,33,4,2,0,0,13,12
42,0,0,0,24,3,3,2,1,3,2,3,4,1,5599,2,0,3,1,0,24,5,1,0,0,5,4
46,1,2,1,25,3,2,1,1,3,3,2,3,2,3278,4,1,3,2,2,32,0,1,3,0,14,14
35,1,1,1,22,3,0,2,0,3,4,5,1,1,15296,1,1,4,3,3,18,6,2,10,0,12,14
35,0,1,1,12,2,2,2,1,1,2,5,2,1,4155,9,0,3,2,3,18,1,3,5,4,8,6
19,0,0,1,11,5,4,1,1,2,4,1,2,1,9321,6,0,3,3,3,5,0,3,2,0,5,16
52,0,1,1,29,5,2,3,0,1,5,4,2,2,4814,7,0,4,4,0,37,4,4,7,7,2,7
33,1,0,0,25,1,5,3,0,4,2,0,4,2,14125,8,1,3,3,3,15,1,4,1,0,0,12
58,0,0,0,20,3,4,2,1,2,5,8,4,1,4216,6,0,3,4,3,40,2,3,0,0,11,15
53,0,0,0,22,3,0,1,1,2,1,8,2,1,3113,9,0,3,1,2,34,3,2,10,5,11,9
50,1,0,0,24,4,4,3,1,2,2,2,3,1,11238,9,1,3,4,3,34,0,3,6,6,14,13
21,0,0,1,25,4,2,2,0,2,4,4,2,1,14760,7,0,3,4,0,1,6,4,10,6,3,5
50,0,1,1,19,2,4,4,0,3,1,2,3,2,13588,8,1,3,1,3,32,5,3,0,0,3,6
31,0,1,1,2,5,5,1,0,4,5,6,3,1,4374,5,0,3,4,0,11,0,2,12,5,12,5
38,1,0,1,22,1,3,4,0,2,5,0,4,1,7430,9,1,3,4,0,22,0,1,6,4,7,16
37,1,0,1,20,1,4,4,1,2,4,4,3,1,12970,1,1,3,1,1,19,0,2,5,5,9,7
25,0,0,1,1,3,5,2,0,3,1,5,2,1,1629,1,0,3,1,0,9,6,2,6,4,9,11
24,1,0,1,8,1,4,1,1,1,3,6,4,2,17653,3,1,3,1,1,7,4,4,13,13,13,3
20,0,0,1,25,3,1,3,1,1,4,2,1,1,11831,8,0,3,3,1,6,4,2,6,2,12,9
34,1,1,1,14,5,3,3,1,1,5,6,1,0,6724,6,1,4,1,3,17,5,2,6,0,6,5
50,0,0,0,9,1,0,2,1,4,2,3,4,1,12083,1,0,3,1,1,36,4,4,32,20,9,6
29,1,1,0,2,3,5,3,0,1,1,5,2,0,14149,7,1,3,4,2,12,6,4,9,1,6,7
39,1,1,1,25,5,4,3,1,2,3,4,1,1,10472,6,0,3,2,0,23,5,1,4,3,6,2
39,1,0,1,23,5,3,4,1,3,2,3,1,2,7276,8,0,3,2,2,23,5,3,8,6,11,7
47,0,0,1,5,3,0,4,0,3,1,5,3,1,16635,7,1,3,3,1,31,4,2,3,2,1,14
55,0,0,1,23,3,3,1,1,1,4,2,3,2,6895,2,0,3,3,3,35,1,4,1,0,8,0
55,1,0,1,29,2,5,4,0,3,4,2,2,0,14994,0,1,3,2,0,39,4,1,6,2,5,12
25,0,1,1,25,5,1,3,0,2,1,4,4,2,11552,1,0,4,2,2,8,1,3,18,4,1,14
44,0,1,1,8,3,5,1,0,1,3,4,2,1,17959,1,0,3,1,3,25,2,4,18,6,0,6
44,0,0,1,16,5,5,1,0,2,1,8,4,0,7099,3,0,3,4,1,28,4,3,2,2,10,14
51,1,2,0,22,1,0,2,1,4,2,3,1,1,10499,5,0,3,1,3,32,2,3,5,3,0,2
38,0,0,1,16,4,0,4,0,2,2,4,3,2,4178,3,0,3,3,2,24,4,2,1,0,0,13
47,1,2,0,13,4,4,1,1,2,4,8,2,0,7116,8,1,3,2,3,30,2,2,38,2,3,3
50,0,0,1,20,3,2,3,1,2,1,3,2,1,16563,3,1,3,3,2,34,3,4,27,22,3,3
45,0,1,1,29,3,5,1,0,2,4,2,4,2,4568,5,0,3,1,3,25,2,3,7,3,13,2
50,0,0,1,15,5,0,1,1,4,3,6,4,0,10847,5,0,3,3,0,30,1,4,11,1,11,4
22,0,1,1,1,3,5,2,1,1,2,6,2,1,15135,9,0,3,3,3,8,0,4,8,4,8,10
36,0,0,1,22,5,5,3,1,2,5,7,4,1,19587,9,0,3,4,0,17,5,3,6,6,12,7
21,0,0,1,3,3,0,3,0,1,5,3,2,1,18774,0,0,3,3,2,6,2,4,0,0,11,1
52,0,0,1,6,5,1,4,1,3,1,3,2,1,2742,7,0,3,1,0,32,0,3,4,4,11,15
34,0,1,1,22,3,1,3,0,2,1,8,2,0,19309,2,0,3,4,3,14,6,3,7,6,0,9
45,1,0,1,14,2,5,1,0,2,5,6,1,1,1619,5,0,3,3,0,25,3,3,7,1,2,6
47,0,0,1,4,5,1,3,0,3,1,2,4,0,18658,2,0,4,1,2,30,3,3,3,2,2,4
46,1,1,0,18,2,5,3,1,1,2,8,3,0,18340,1,1,3,2,3,26,6,1,19,14,7,6
23,1,2,0,15,2,4,1,1,4,3,4,3,1,2939,4,1,3,4,0,5,6,3,1,0,1,5
52,0,0,1,9,2,0,2,1,2,3,3,4,1,17001,0,0,4,3,0,36,6,2,4,1,5,0
58,1,1,1,18,2,5,4,0,3,4,0,2,0,1968,8,1,3,3,1,40,1,2,8,3,10,10
54,0,0,2,3,1,1,4,1,3,2,8,3,2,15846,6,0,4,4,0,34,6,2,8,0,3,12
41,0,1,2,10,4,1,2,0,2,1,5,3,2,1281,2,0,3,1,1,26,1,3,7,2,12,11
46,0,1,1,17,1,3,1,0,1,1,1,4,2,16360,3,0,3,3,2,31,2,2,2,1,9,0
48,0,0,1,7,3,3,4,1,1,4,6,3,1,7262,5,0,3,1,1,28,4,1,1,0,5,14
52,0,0,2,15,3,1,2,1,2,4,2,2,2,2058,2,0,3,4,2,32,6,4,7,1,12,0
50,0,0,1,1,4,4,2,0,3,1,5,4,2,11724,6,0,3,3,0,32,6,3,6,6,4,2
38,0,0,1,27,4,2,2,0,2,1,7,2,1,6178,5,0,3,2,0,18,3,2,1,0,11,14
49,0,2,1,25,4,5,4,1,4,2,2,3,0,7980,8,0,3,2,1,29,0,1,8,5,8,8
40,0,0,0,27,2,3,4,1,4,4,4,3,0,10200,4,0,3,2,2,24,4,4,4,0,8,13
50,0,2,0,11,1,5,4,1,1,2,5,2,1,2229,3,0,3,4,0,35,3,1,7,7,0,7
20,0,0,1,17,3,3,4,0,4,1,0,1,2,9467,2,0,4,3,1,2,2,2,12,8,2,3
35,0,2,1,5,1,0,3,1,3,5,6,3,1,3289,9,0,4,4,1,20,6,1,1,0,0,5
42,1,1,1,7,1,0,2,1,4,5,3,1,1,2239,0,0,4,3,1,24,3,4,0,0,5,0
59,0,1,1,19,1,1,3,0,2,1,6,3,0,6370,2,0,3,2,0,40,1,2,10,8,11,5
48,1,0,1,25,4,0,2,0,3,4,6,1,0,17170,2,0,3,2,2,28,0,4,6,0,2,13
20,1,0,1,24,4,0,4,1,1,5,4,1,1,1125,6,0,3,1,0,5,0,1,8,5,13,10
57,0,0,1,29,3,2,4,1,1,4,7,1,2,13504,6,0,3,4,3,40,1,3,12,6,0,16
41,0,0,0,15,3,4,3,1,4,5,7,2,1,16398,0,0,3,4,3,23,6,3,11,1,5,8
49,0,0,0,3,3,1,1,0,1,4,4,1,2,7638,2,0,3,1,0,35,6,3,22,7,4,6
39,0,1,2,15,1,2,4,1,2,5,4,1,0,7570,7,0,4,2,2,20,4,3,5,5,11,13
40,0,0,1,5,4,1,1,0,3,4,6,1,1,4249,8,0,3,2,1,22,1,4,4,0,11,16
19,0,0,1,23,2,4,2,1,2,2,5,3,1,10110,6,0,4,4,3,1,6,3,3,2,7,7
44,0,0,1,12,1,1,3,0,2,4,3,1,2,8595,6,0,3,3,3,26,0,4,1,1,13,15
59,0,0,1,20,5,5,1,1,2,2,1,3,0,14605,7,1,3,2,0,40,6,2,5,1,1,11
19,1,0,1,5,1,5,1,1,2,2,7,1,0,13115,5,0,3,1,3,5,2,3,2,1,7,11
43,0,1,1,3,4,5,4,1,3,1,2,1,0,7294,2,0,3,1,3,26,6,4,17,5,11,4
34,0,0,1,9,5,0,1,0,3,2,1,2,2,6757,0,0,4,1,1,17,4,3,6,2,4,4
57,0,1,0,26,1,4,1,0,2,3,6,3,0,13595,6,0,3,4,1,39,5,3,6,2,7,13
50,1,0,1,9,4,2,2,0,2,2,5,1,0,2969,0,0,3,4,2,31,3,3,3,3,11,5
26,0,1,1,7,4,2,3,0,1,4,7,3,1,11985,0,0,3,4,3,8,5,4,0,0,9,6
56,0,0,1,26,2,3,4,1,1,2,5,3,1,18275,8,1,3,4,2,36,2,1,0,0,3,16
46,0,1,1,2,1,2,4,0,3,4,6,4,2,5470,9,0,3,1,2,27,5,3,3,0,14,8
59,0,0,1,23,4,5,1,0,1,4,1,2,2,11225,6,0,3,1,1,40,6,3,0,0,3,12
43,0,0,1,23,3,5,2,1,3,3,1,2,1,10556,3,1,3,4,1,28,4,2,6,5,9,8
52,0,0,1,27,4,3,1,0,3,2,5,2,2,10206,5,0,3,4,0,37,0,1,14,1,14,15
42,0,1,1,21,2,0,1,1,4,2,8,4,1,10991,0,0,3,1,1,28,0,4,15,14,14,3
41,0,0,0,16,4,2,4,0,3,5,2,4,0,8519,6,0,3,4,2,25,2,2,7,7,3,1
30,0,0,1,9,1,4,1,0,1,5,7,2,2,14669,5,1,3,4,3,16,5,3,1,0,13,12
24,0,0,2,13,1,3,1,1,4,1,4,4,1,5612,3,0,3,4,2,5,4,2,13,7,10,12
53,0,0,1,28,5,2,2,1,1,4,5,4,1,13373,6,0,3,4,2,36,3,2,15,3,14,11
37,0,0,1,27,1,0,4,1,3,3,5,4,1,18582,2,0,3,2,2,18,6,3,1,1,5,3
18,0,0,0,19,5,4,3,1,3,5,2,2,1,16552,0,0,3,4,1,0,5,1,9,0,3,9
25,0,0,1,20,3,4,2,0,2,2,4,2,0,15646,3,0,3,1,2,10,5,1,2,1,8,15
33,0,2,1,17,2,0,2,0,3,1,0,2,1,6238,2,0,4,1,0,15,3,2,11,3,8,7
31,0,2,0,6,3,2,2,1,4,3,1,4,2,16577,0,0,3,1,3,11,1,3,40,6,2,5
29,0,0,0,4,5,1,4,1,3,2,2,2,1,16504,1,0,3,1,1,13,6,4,0,0,6,3
40,1,0,0,1,4,2,1,0,2,2,3,4,0,4719,4,1,3,4,2,23,2,2,15,1,11,6
32,0,0,1,18,4,3,3,1,3,4,8,1,2,1302,7,0,3,2,0,13,6,4,6,5,4,13
45,0,0,0,19,3,3,4,0,3,4,0,4,0,13144,0,1,3,3,3,29,4,2,25,17,14,12
51,1,0,0,9,4,2,1,1,3,5,2,3,1,18370,3,1,3,3,2,32,2,2,4,3,11,4
19,1,0,0,13,5,5,2,1,2,5,2,2,0,11055,3,1,3,3,3,4,3,3,13,6,8,8
49,1,2,1,8,2,3,4,1,1,2,5,2,0,5440,4,1,3,3,1,29,4,3,0,0,1,2
40,0,1,1,23,1,1,1,1,3,2,4,3,1,4072,6,0,3,1,1,25,0,4,2,1,2,9
39,0,0,1,13,5,5,3,0,4,5,2,4,1,14598,7,1,3,4,0,23,0,4,0,0,9,14
42,0,0,1,15,5,1,3,1,2,5,3,1,2,15287,5,0,4,4,1,25,6,1,25,18,4,16
39,0,1,0,11,1,4,1,0,4,2,6,3,2,14965,0,0,4,3,0,20,4,3,11,8,11,5
39,0,1,1,12,1,3,4,1,3,3,2,3,2,10519,6,0,4,3,2,19,2,2,13,12,4,2
59,0,0,1,14,2,5,2,1,2,2,8,4,1,14380,2,1,3,2,3,40,2,2,19,3,9,4
23,0,1,0,4,2,2,1,0,3,3,7,2,1,12865,5,0,3,2,1,7,0,1,0,0,11,12
32,0,0,1,1,2,5,2,1,4,3,1,4,2,9125,7,0,3,2,3,17,0,3,3,1,14,0
54,0,0,0,24,4,4,3,0,2,2,4,3,1,4291,6,0,3,1,3,35,3,2,0,0,13,16
50,0,0,0,4,5,1,1,1,1,1,3,3,2,5033,9,0,3,4,2,31,4,1,1,0,13,2
25,0,1,1,19,1,4,3,0,1,5,4,2,1,6105,5,0,3,1,2,8,2,1,1,0,6,11
22,0,0,1,9,5,0,2,1,1,4,2,2,1,18087,8,0,4,1,1,2,3,2,4,2,12,7
56,0,0,0,10,5,3,2,1,3,2,0,2,1,9133,8,0,3,4,2,38,2,2,2,2,13,7
21,0,0,1,4,2,2,1,1,2,3,7,4,1,17958,0,0,3,2,3,6,0,4,0,0,7,14
23,1,1,2,20,2,1,1,1,4,2,8,2,1,6704,0,1,3,4,0,4,4,3,1,0,7,10
49,0,1,1,9,5,4,1,1,4,5,7,3,1,8848,0,0,4,3,0,33,1,4,1,0,13,0
47,0,0,1,13,2,2,3,0,3,3,3,3,1,13975,7,1,3,2,0,32,4,1,25,19,0,15
52,0,2,1,12,4,3,2,0,3,4,1,1,2,7924,9,0,3,4,1,35,5,2,9,6,13,13
57,0,0,1,11,1,2,2,0,4,4,3,4,2,1488,6,0,3,1,2,40,1,4,24,3,0,6
33,0,0,1,12,5,3,3,1,2,4,8,1,0,8114,2,0,3,4,2,14,6,1,4,1,2,5
30,0,0,0,18,1,3,1,1,3,1,8,3,0,16740,1,0,3,2,2,11,6,3,2,1,0,3
59,0,0,1,12,4,3,4,1,2,3,4,1,1,4173,3,0,3,3,2,40,3,2,11,9,0,7
47,0,0,1,16,2,4,1,0,4,3,4,3,1,2667,2,0,4,1,3,33,1,4,2,1,9,2
36,1,1,0,5,3,3,4,0,2,1,2,1,0,5114,6,0,3,3,0,18,1,3,2,0,7,3
34,0,0,1,20,4,2,4,0,1,3,5,2,1,4553,9,0,3,3,3,15,3,4,1,1,0,12
36,1,0,0,25,3,0,3,1,4,1,6,1,2,8761,7,1,3,1,1,21,4,1,0,0,8,1
45,0,0,1,12,1,2,2,1,1,2,8,2,2,2000,5,0,4,4,0,30,3,3,2,1,1,10
43,0,0,0,21,5,4,2,0,4,5,6,2,1,16638,2,0,4,4,0,29,5,4,3,0,8,15
54,1,0,1,25,2,3,2,0,1,4,2,4,1,18772,5,1,3,3,3,40,0,3,7,7,13,9
43,0,2,0,11,4,0,2,0,2,1,6,2,1,6450,1,0,4,4,1,23,6,1,0,0,6,14
40,0,1,0,9,2,4,3,0,4,1,0,2,0,4712,6,1,3,2,1,24,0,3,1,0,8,9
26,1,2,1,18,3,1,4,1,4,1,1,1,1,2367,9,0,3,3,0,7,6,4,11,0,2,1
29,0,0,1,25,3,1,2,0,1,2,3,3,0,9189,6,0,3,3,2,14,1,1,1,0,0,5
18,0,0,1,3,5,1,4,1,2,1,6,4,1,10013,3,0,3,3,1,4,3,2,2,0,0,13
18,0,0,0,20,3,0,3,1,4,5,8,2,1,17838,7,1,3,2,3,3,3,4,13,12,10,1
51,0,1,1,17,5,2,1,1,3,5,4,4,1,4726,3,1,3,3,1,36,3,4,1,1,14,9
49,1,0,1,14,4,0,3,1,1,4,7,1,1,5806,6,1,4,4,0,35,5,1,0,0,9,16
42,0,0,1,1,5,0,2,1,4,2,6,2,1,3190,3,0,3,4,2,24,5,1,4,0,5,7
57,0,0,1,17,3,0,1,1,2,5,4,1,0,10108,4,0,3,4,1,40,4,2,2,2,6,15
18,0,0,1,25,1,1,3,0,2,3,2,4,0,13178,6,0,3,4,0,4,2,4,5,1,8,13
33,1,0,1,27,5,5,3,0,2,3,2,1,1,3875,9,0,3,3,1,17,6,1,11,1,5,9
56,0,0,1,8,2,2,4,0,2,3,5,4,0,6592,2,0,4,2,2,40,2,2,1,1,4,12
22,0,0,1,5,1,5,3,0,1,1,3,1,0,18824,9,0,3,1,3,5,2,2,6,3,13,0
39,0,2,2,5,5,5,1,1,4,1,2,4,1,13592,4,0,4,4,0,25,6,1,4,0,1,9
46,0,0,1,9,2,0,3,0,1,3,3,3,1,9927,2,0,3,1,0,31,4,4,1,1,1,11
20,0,0,1,3,1,2,2,1,1,4,2,1,1,15437,4,0,3,1,2,1,3,3,6,0,7,16
29,1,1,0,19,5,5,4,0,2,4,5,1,1,12530,2,1,3,3,0,14,2,3,2,1,14,13
43,1,0,1,23,4,3,1,0,3,1,6,3,2,8010,9,1,3,4,2,27,3,2,4,1,0,4
33,0,0,2,9,2,0,1,1,2,3,3,3,2,12207,6,0,3,4,0,16,1,3,0,0,7,4
54,1,1,1,22,4,0,3,1,3,4,2,1,0,3989,0,1,3,4,2,40,2,3,4,1,10,14
39,0,0,1,18,3,0,2,0,1,1,2,3,2,13040,8,0,3,1,1,21,1,1,2,1,9,12
46,0,0,1,16,5,3,4,0,2,3,2,2,1,10218,8,0,3,4,1,26,4,2,12,12,10,16
31,0,0,1,1,5,3,1,1,2,2,8,4,2,7471,4,0,3,4,1,17,0,4,0,0,6,0
45,0,0,1,2,2,1,4,1,1,3,2,4,1,3863,8,0,3,2,0,26,5,2,3,0,6,13
22,1,0,1,14,5,4,3,1,2,3,2,4,1,11693,9,1,3,3,2,2,6,1,4,0,4,3
47,0,0,2,14,3,2,2,1,4,5,7,2,1,2177,5,0,3,4,2,29,4,3,9,1,2,8
22,0,0,1,1,5,4,3,1,3,5,3,3,1,5760,4,0,3,4,3,6,4,4,5,2,6,16
29,0,0,1,26,1,0,4,1,3,2,6,3,2,1011,2,0,3,3,1,13,4,2,7,1,6,2
33,1,0,1,26,4,5,3,1,3,2,2,1,0,17353,7,0,4,3,3,15,2,3,10,5,6,12
43,0,0,1,25,3,0,4,1,2,3,7,3,0,12556,3,0,4,1,1,28,1,2,13,6,11,11
43,0,0,1,16,3,5,1,1,4,4,2,1,1,12563,9,0,3,1,3,25,5,4,2,1,14,15
38,0,0,0,15,4,1,1,1,2,2,4,2,2,15051,2,0,3,1,1,24,2,2,5,2,14,3
56,1,0,1,26,4,4,3,0,3,3,0,4,1,12022,5,1,3,3,2,37,0,2,12,11,10,2
53,0,0,1,15,3,0,1,1,2,1,4,4,1,9234,7,0,3,2,1,36,6,2,31,14,1,16
50,0,0,0,12,4,4,4,1,3,5,5,4,1,17173,8,0,4,4,0,36,6,3,15,2,2,0
47,0,0,1,16,2,1,1,0,1,4,6,3,0,14178,5,0,4,3,1,33,5,4,3,3,2,3
54,0,0,0,14,4,4,2,1,3,3,1,1,1,7570,4,0,4,2,1,40,6,4,1,1,3,16
40,1,0,1,29,1,5,2,0,1,1,1,1,1,1406,1,0,3,3,2,20,6,3,4,1,11,6
27,0,2,1,24,1,2,3,1,1,5,8,2,2,10206,1,0,4,2,0,7,4,3,9,4,8,1
22,0,0,1,15,2,1,3,0,1,1,0,3,0,5431,8,0,3,3,2,6,3,3,4,2,9,11
53,0,0,1,23,4,4,3,1,3,3,1,2,1,7542,1,1,3,3,3,39,0,1,4,2,14,4
51,0,0,1,15,1,0,3,0,4,2,1,1,0,9906,1,0,3,2,3,36,1,2,12,7,0,15
48,1,1,2,19,5,3,4,0,3,5,6,1,0,5146,2,1,3,2,0,32,0,2,3,1,14,7
27,1,0,0,8,4,3,4,1,2,1,5,4,1,13046,2,1,3,2,3,8,2,4,13,8,14,7
36,0,0,0,2,2,1,2,1,2,2,8,3,1,13611,3,0,3,2,0,18,6,2,3,2,11,12
49,1,0,1,2,4,3,4,0,4,4,6,1,0,14076,6,0,3,2,1,29,3,1,2,0,6,13
18,0,0,1,27,3,2,1,0,4,3,2,4,0,17524,8,0,4,2,3,4,2,3,4,1,6,10
22,0,2,0,10,3,1,2,0,4,3,2,3,1,5882,1,1,3,2,1,3,5,4,10,3,10,5
21,0,2,2,3,1,0,3,1,1,5,0,2,2,15113,3,0,3,2,2,5,4,4,0,0,3,15
33,0,0,1,23,3,0,3,0,4,1,7,3,1,14645,8,0,3,3,3,17,6,2,1,0,12,14
41,0,0,2,17,2,1,4,0,4,4,0,3,1,7012,1,0,3,2,2,21,4,4,21,11,10,15
33,1,1,1,8,1,3,2,0,4,5,1,1,0,18347,9,0,4,2,2,17,0,3,1,1,0,12
19,0,0,1,28,2,3,4,0,3,5,6,1,2,8151,0,0,3,3,0,4,4,4,5,2,2,11
45,0,0,1,23,2,0,4,1,2,1,0,3,1,4610,9,0,3,3,2,29,4,3,6,5,4,13
49,0,1,1,4,3,2,4,1,2,4,3,1,2,10884,7,0,4,1,0,32,5,1,4,4,11,1
44,1,0,1,14,3,5,2,0,4,1,8,1,0,7894,8,1,4,1,0,26,1,1,7,0,1,1
37,1,2,1,21,2,3,3,1,2,3,7,1,1,14467,6,0,3,2,0,21,1,3,1,0,6,2
41,0,0,0,10,3,2,1,1,3,2,7,4,1,17489,7,0,3,2,0,24,2,2,5,4,13,7
29,0,0,0,29,3,3,3,0,2,3,2,4,0,10873,3,0,3,1,0,10,6,4,3,0,9,10
52,0,0,0,1,3,5,2,0,1,3,4,3,0,13289,3,1,3,1,1,36,2,2,7,4,9,11
50,0,1,1,4,4,1,3,1,3,5,3,1,1,13208,1,0,3,4,0,35,1,4,1,1,6,3
50,0,0,1,1,2,4,3,1,2,3,7,4,1,11828,7,0,4,4,3,31,0,1,5,4,11,8
54,0,0,1,17,5,0,1,0,2,4,6,3,0,3137,1,0,3,2,0,40,1,1,1,1,9,16
29,1,2,2,26,2,1,3,0,3,3,6,1,1,2286,8,1,3,4,1,13,2,1,2,0,4,15
20,0,0,1,17,1,3,3,0,2,4,6,2,0,16710,3,0,3,1,3,0,3,4,1,1,14,16
18,0,0,2,7,3,5,3,0,2,1,0,1,0,12371,0,0,3,2,3,1,6,1,1,1,11,14
50,1,0,1,23,3,0,4,0,4,5,6,1,1,16945,3,0,4,3,1,33,4,1,12,11,9,6
57,1,0,0,20,5,4,2,1,1,4,3,4,0,8052,2,1,3,3,3,37,5,1,2,1,14,9
27,0,0,1,15,1,4,2,0,3,3,2,3,1,4654,5,0,3,1,1,9,3,1,18,14,5,3
46,0,0,1,13,4,5,1,0,4,5,4,3,1,19743,6,0,3,4,2,32,3,2,24,23,0,13
30,1,1,1,28,2,5,4,0,2,5,1,4,1,16600,7,1,3,3,2,15,4,1,5,5,3,13
29,1,0,1,2,4,3,4,0,3,4,7,1,1,9636,1,1,4,4,0,12,1,1,1,0,3,13
48,0,1,0,28,1,0,3,1,3,4,8,2,2,7441,5,0,3,3,0,29,6,2,3,1,10,13
19,1,0,1,19,5,3,2,1,1,2,4,1,1,10667,5,1,3,4,0,4,0,2,11,11,7,14
52,1,2,1,24,1,4,1,1,1,2,2,1,1,13149,9,1,3,3,0,35,3,4,3,2,14,12
40,0,0,0,13,5,1,4,1,3,5,6,2,0,2798,4,0,3,3,1,26,0,3,0,0,1,11
34,0,0,1,24,4,1,3,1,1,2,0,4,1,10600,9,0,3,2,2,16,5,1,5,2,0,1
43,0,0,1,11,4,2,1,1,1,3,2,3,1,6495,9,1,3,2,1,29,5,1,13,8,6,2
25,0,0,1,27,1,4,4,0,2,1,8,4,1,10900,6,0,4,1,3,6,5,1,11,10,5,9
46,1,0,1,22,1,4,1,0,1,5,1,4,1,14673,2,1,3,3,3,32,2,4,1,0,4,4
43,1,0,1,15,3,3,4,0,1,1,8,1,0,12130,3,1,3,4,3,28,3,1,7,5,11,11
27,0,0,0,10,5,2,1,1,4,2,0,3,0,16222,9,1,4,3,3,8,5,3,1,1,12,6
43,0,0,1,9,3,5,4,1,2,4,3,3,0,2300,8,0,3,4,3,23,2,2,1,0,12,8
51,1,0,1,27,2,2,4,1,2,5,5,4,1,10435,3,1,3,4,2,35,5,4,14,6,12,1
58,1,1,1,28,2,0,1,0,3,2,6,2,1,5616,2,1,4,3,1,38,1,2,2,0,7,9
24,0,1,0,9,1,3,4,1,1,3,2,4,0,17393,1,0,3,4,3,9,3,1,2,2,10,5
21,0,0,1,20,4,5,4,0,4,5,8,2,1,11617,4,0,3,1,0,5,2,1,0,0,14,11
28,1,0,1,28,2,5,4,1,4,5,3,3,0,6752,3,1,3,2,2,8,5,1,14,13,12,5
46,0,0,1,1,2,1,1,0,2,4,4,4,0,10852,7,0,3,4,0,30,6,3,11,7,1,2
53,1,1,0,17,3,0,1,1,1,5,7,1,1,7295,6,1,3,3,2,36,2,3,6,6,1,9
42,0,1,0,12,3,2,4,0,4,4,2,4,1,18456,5,0,3,2,2,28,5,4,9,0,8,8
38,0,0,0,10,2,1,4,0,3,2,7,3,0,4225,1,0,3,1,0,19,1,2,1,0,0,4
53,1,0,1,5,1,4,1,1,1,3,0,1,0,2316,2,0,4,4,0,37,0,1,4,4,5,2
27,1,0,0,29,3,3,3,1,1,3,7,1,2,13337,9,0,3,4,3,10,5,1,3,0,12,4
54,0,0,1,18,2,2,4,0,1,5,7,2,0,7807,8,0,3,2,0,40,0,1,0,0,12,7
26,1,0,2,15,4,4,3,1,4,5,5,1,1,4683,8,1,3,4,1,12,3,1,4,1,2,7
41,0,0,1,6,3,5,1,1,2,2,4,1,1,8227,4,0,3,3,2,23,1,3,17,7,14,13
52,1,0,1,7,2,2,4,0,2,4,8,4,1,4273,2,1,3,2,2,32,6,2,0,0,12,16
52,0,0,1,17,5,1,3,0,3,3,5,3,1,1145,1,0,4,2,3,34,3,2,2,2,4,10
53,0,2,1,6,3,0,1,0,4,4,0,2,2,6010,7,0,3,4,2,38,6,4,1,1,7,15
35,0,0,1,8,5,1,3,1,1,2,5,4,0,17035,5,0,3,1,0,18,0,3,1,1,6,5
56,0,0,0,12,3,3,2,0,3,3,0,1,1,4040,9,0,3,1,2,38,1,1,16,2,12,10
49,1,0,0,21,3,3,1,1,3,3,5,1,0,10654,6,0,3,1,2,31,4,2,4,3,11,9
41,0,0,1,14,5,2,2,1,2,1,2,2,1,17866,0,0,3,1,0,27,1,2,4,3,3,8
40,0,1,1,12,1,1,1,0,1,2,5,3,2,18633,0,0,3,2,0,23,1,3,10,8,7,14
49,0,0,0,23,2,0,1,1,1,2,5,2,1,18014,9,0,4,2,2,35,6,4,1,1,10,6
54,0,0,1,10,1,5,4,1,4,1,0,4,1,15996,1,0,3,4,1,35,4,4,4,4,10,0
29,0,0,1,22,1,3,2,0,4,4,8,2,2,17336,9,0,4,1,0,13,2,1,3,1,9,14
30,1,0,0,20,2,0,2,0,4,1,7,1,0,9853,2,0,4,1,1,15,2,4,6,3,10,1
40,0,1,1,15,4,4,2,1,3,2,1,4,1,12695,0,0,4,4,1,25,2,2,40,16,13,1
42,0,0,0,7,1,2,1,0,1,4,1,1,2,3852,4,0,3,4,3,22,0,4,10,6,1,9
52,0,0,1,26,1,0,2,0,2,3,4,3,1,17014,2,0,4,4,1,38,1,1,3,0,6,14
58,1,0,1,9,1,2,2,1,3,1,1,1,0,1987,0,1,3,3,3,40,5,2,12,11,4,9
47,1,0,1,10,4,4,4,0,3,4,0,1,0,8622,7,0,3,4,1,27,4,4,1,0,10,12
34,0,0,1,10,3,0,3,0,2,4,1,2,0,10160,5,0,3,4,3,19,5,4,0,0,5,10
37,0,0,1,16,5,0,3,1,2,4,4,1,0,18484,8,0,4,3,0,21,0,3,1,0,2,1
42,0,0,1,29,5,5,2,1,4,1,6,4,1,7652,2,0,3,1,2,24,4,1,2,2,10,12
39,1,0,1,7,4,4,2,1,2,3,4,4,0,8421,8,1,3,2,2,20,5,4,5,5,9,0
30,0,0,1,28,1,1,2,0,2,4,0,3,0,1769,8,0,3,1,3,12,6,3,6,2,6,4
36,0,0,1,5,5,0,2,0,2,1,6,4,1,18727,0,0,3,2,0,17,0,2,16,3,6,6
53,0,0,1,23,4,5,3,1,2,2,5,2,1,15114,2,0,3,2,3,39,0,3,4,3,1,12
29,0,0,1,3,2,0,4,0,4,1,6,3,1,5358,5,0,4,4,3,12,0,3,4,0,0,12
58,0,0,0,18,5,5,1,0,3,1,1,4,1,12543,7,1,3,4,0,38,4,4,0,0,9,5
36,1,0,0,11,2,3,2,0,1,1,4,2,0,19733,3,1,4,3,1,16,5,4,0,0,1,11
29,0,0,1,15,1,1,2,0,1,4,7,4,0,6699,4,0,3,1,1,12,5,4,5,5,11,7
26,0,2,0,21,5,0,3,1,3,1,6,4,0,18625,8,0,4,1,0,10,3,3,4,0,7,8
24,1,0,1,20,4,4,2,1,1,2,5,1,1,2125,5,0,3,2,3,7,0,2,12,12,10,10
45,1,1,1,5,3,2,4,0,1,4,5,4,0,11793,6,1,3,4,2,31,2,1,1,1,9,10
31,0,1,1,24,5,4,4,0,3,2,0,4,1,7764,6,0,3,4,3,16,1,3,0,0,2,14
48,0,2,1,12,5,1,2,0,1,5,0,2,0,13323,3,0,3,1,1,31,6,4,4,1,10,8
36,0,0,1,4,5,3,3,1,1,1,6,2,2,14031,3,0,3,3,0,17,6,1,1,0,3,2
33,1,1,1,15,5,3,2,1,3,4,2,1,1,15052,3,1,3,4,0,18,3,2,0,0,7,16
22,0,2,0,9,4,3,2,1,1,4,5,4,1,13640,4,0,3,3,0,5,3,1,9,9,2,16
52,0,0,1,7,4,5,3,1,2,1,4,1,2,8843,4,0,3,1,1,32,4,4,0,0,5,2
29,0,0,0,10,3,4,4,1,3,3,2,4,1,15210,7,0,3,1,3,11,3,3,6,6,1,8
42,0,0,1,29,4,2,1,0,4,3,5,3,1,17456,8,0,3,3,0,23,5,3,2,2,2,16
38,0,0,1,28,4,2,2,0,1,2,2,3,2,11106,1,0,3,4,2,24,4,4,1,0,0,14
53,0,0,1,23,1,5,4,1,4,1,7,1,1,6189,6,0,3,1,0,34,4,3,3,3,8,0
40,0,0,1,13,1,0,2,1,1,1,6,1,2,3472,0,0,3,2,3,24,6,4,11,9,3,9
33,1,1,0,29,2,5,1,0,2,5,8,1,1,18091,0,1,4,1,1,15,6,3,3,1,5,7
56,0,0,1,8,3,2,3,1,3,3,4,2,2,19188,3,0,3,4,2,37,2,3,9,9,14,9
59,0,1,0,12,1,2,4,0,4,3,0,2,0,7704,9,1,3,2,2,40,0,3,0,0,6,1
56,0,0,1,22,3,0,1,1,3,1,7,2,0,4713,6,0,3,1,0,37,3,2,10,6,1,13
31,1,0,1,24,3,4,2,0,4,2,1,1,1,6051,1,0,3,4,3,12,0,2,1,1,7,7
48,0,0,1,19,5,4,1,1,1,1,5,4,0,11756,1,0,3,4,0,29,0,4,7,7,11,0
22,0,0,1,26,3,1,4,0,2,2,0,3,0,3475,0,0,3,1,2,6,0,2,5,0,8,15
52,1,1,2,26,5,4,3,0,4,3,5,1,0,4610,9,1,3,4,0,33,4,4,18,13,13,14
40,0,0,0,1,2,3,2,1,4,5,3,2,1,5255,1,0,4,3,3,21,0,1,3,2,9,4
46,0,0,1,16,2,3,3,1,2,4,4,2,2,15484,6,0,3,2,1,30,3,1,0,0,10,2
28,1,2,2,22,2,1,3,1,2,3,6,1,1,2735,8,1,3,3,2,13,4,2,0,0,1,16
35,0,0,1,17,5,2,1,1,2,2,5,1,2,9258,5,0,3,1,3,17,3,1,12,12,4,9
29,1,1,1,25,5,1,1,1,2,1,0,2,1,8979,9,1,4,3,0,15,4,1,5,1,1,4
26,0,0,2,18,2,0,4,0,2,3,8,4,0,3428,1,0,3,1,2,11,1,3,10,0,10,10
27,0,0,1,11,5,1,4,1,3,5,5,2,0,13345,9,0,3,1,0,7,1,3,1,0,4,5
34,0,0,0,18,4,1,3,1,1,2,5,2,1,8426,9,1,3,4,0,18,1,4,2,2,6,3
55,0,2,1,7,4,5,4,1,1,1,8,1,1,9533,8,0,3,4,1,39,1,1,0,0,5,6
24,1,0,1,18,5,3,3,1,4,4,4,4,0,6249,6,1,4,1,0,5,4,4,22,14,3,6
30,1,1,1,26,5,0,2,0,2,2,5,2,1,10686,0,1,3,2,0,11,0,4,7,7,13,13
57,1,2,1,8,1,5,3,1,3,1,5,2,1,15109,8,1,3,2,3,40,2,1,18,5,1,16
59,0,0,1,6,1,0,4,1,3,4,6,3,1,1661,1,0,3,2,0,39,6,2,2,1,6,16
26,0,0,0,7,3,1,4,1,4,1,8,1,2,13075,3,0,3,3,1,7,5,1,6,5,11,12
44,0,1,1,23,3,5,3,1,2,4,4,3,1,15788,8,0,3,1,0,27,2,3,7,0,9,0
19,1,0,0,22,3,5,1,0,1,4,4,3,1,11060,3,1,3,4,0,0,1,1,2,0,8,1
22,0,0,2,10,2,0,3,0,2,4,3,2,2,16836,2,1,3,3,0,3,0,2,13,10,0,3
46,0,0,2,11,4,0,3,0,3,1,3,1,0,11526,0,0,3,3,2,29,3,4,20,1,2,12
54,0,1,1,25,2,4,1,0,2,4,7,4,1,4374,6,0,3,4,1,34,0,4,15,8,6,0
55,0,1,1,13,5,0,2,0,1,2,1,2,2,1207,5,0,3,1,2,38,3,3,9,1,14,3
36,0,0,0,9,1,5,1,1,1,5,7,4,1,3665,9,1,3,3,1,20,2,3,2,2,13,1
25,0,0,1,7,5,2,4,0,4,5,1,4,2,19877,3,0,3,1,1,8,0,3,2,1,8,3
18,1,2,0,9,5,0,1,0,3,4,0,1,1,1632,5,0,3,1,3,0,0,4,23,17,12,15
39,0,0,0,13,1,3,4,1,2,5,8,3,1,4083,5,0,3,1,2,23,5,3,0,0,4,3
34,1,1,1,26,5,4,4,0,2,5,7,1,0,14711,3,0,3,4,1,15,2,1,8,4,6,8
24,0,0,0,3,3,3,3,0,4,4,5,4,2,11123,5,1,4,1,1,10,0,4,8,1,14,16
42,0,1,2,3,1,3,3,0,4,4,3,2,2,8123,9,0,3,3,3,26,3,2,6,3,9,1
21,0,2,1,1,5,2,2,0,4,2,1,4,2,11754,7,0,4,4,2,1,6,4,32,3,6,2
53,0,0,1,21,3,4,4,1,3,3,7,2,1,2679,2,0,4,4,0,33,0,1,2,2,3,14
23,0,0,1,20,3,1,3,0,2,1,2,2,0,16901,3,0,3,3,3,6,3,1,2,2,4,6
48,1,0,1,2,4,5,4,0,4,4,3,1,0,1236,9,0,3,4,1,32,1,3,0,0,1,3
36,0,0,1,25,3,5,2,0,3,4,4,4,2,8446,0,0,3,3,2,17,0,4,4,2,7,11
56,0,0,1,3,2,0,4,0,2,5,3,3,1,5443,3,1,3,2,1,36,3,4,2,2,11,0
44,0,0,0,15,1,5,2,0,1,2,7,4,0,16463,9,0,4,3,3,29,6,4,2,0,14,16
27,0,0,1,24,1,2,2,1,4,5,8,4,1,9555,9,0,3,4,3,8,2,2,12,5,14,3
43,0,0,1,6,1,5,2,0,3,4,0,3,1,19752,8,0,3,3,2,28,1,3,19,12,0,3
36,0,1,2,13,5,2,3,0,2,4,1,1,1,17669,7,0,3,2,3,18,0,1,1,0,1,8
56,1,0,0,21,5,1,1,1,2,5,3,4,1,1148,3,1,4,1,3,40,5,1,3,1,11,9
20,0,0,0,1,2,2,1,1,4,4,0,4,1,14395,6,0,3,1,0,0,3,3,18,13,2,14
30,0,0,1,20,3,1,3,0,4,3,5,2,2,5895,9,0,3,1,1,13,6,1,0,0,6,16
45,1,1,1,19,5,1,4,1,2,1,4,4,0,18396,2,1,3,4,0,27,5,1,0,0,5,6
37,0,0,1,1,3,1,3,0,3,1,6,3,1,12023,8,0,3,2,0,21,0,3,1,1,13,2
45,0,0,1,28,3,2,4,0,1,1,5,2,1,11699,9,0,3,3,2,26,3,1,6,3,6,4
25,0,0,1,21,5,1,2,0,2,3,2,1,2,10715,3,0,3,3,3,5,0,4,1,0,10,15
58,0,1,1,22,5,2,3,0,3,4,4,2,1,17163,1,0,3,3,1,40,1,2,24,11,4,6
56,0,1,0,2,2,4,1,1,4,5,2,3,1,6782,9,0,3,3,1,38,6,3,4,1,13,15
18,0,0,1,15,4,1,4,1,2,2,8,3,1,19792,4,0,3,4,1,0,6,2,4,1,3,8
20,0,0,0,14,1,2,3,1,4,4,1,2,1,17724,1,0,3,4,3,4,1,1,1,0,14,0
30,0,0,1,19,5,2,3,1,1,3,5,1,2,3817,9,0,3,2,1,14,0,1,4,0,14,2
45,0,1,1,11,5,2,4,0,4,3,8,2,2,16096,5,0,3,3,1,28,0,4,7,2,6,7
42,0,0,1,15,3,0,2,0,1,1,6,1,1,19880,9,0,3,1,3,28,4,3,9,1,2,6
50,0,0,1,6,4,0,2,0,4,4,4,2,1,6299,0,0,3,4,2,35,0,1,9,5,12,5
55,1,0,0,20,5,1,2,1,4,1,1,3,0,10917,5,1,3,2,1,39,6,3,6,1,9,10
23,0,1,1,9,4,5,2,0,1,2,1,4,1,19073,3,0,3,2,3,6,0,3,16,7,6,4
49,0,0,1,5,1,4,4,0,4,1,3,4,1,4267,2,1,3,4,0,34,5,3,11,4,1,11
38,0,0,1,20,3,5,1,0,3,2,1,1,1,5406,1,0,3,1,3,20,5,3,9,4,11,0
33,0,0,1,2,2,1,3,1,4,3,7,1,0,18826,6,0,3,1,0,13,1,3,0,0,11,10
38,0,0,1,6,1,3,3,1,2,1,6,1,2,11382,8,0,3,3,3,22,5,2,0,0,7,14
28,0,0,0,26,4,3,2,1,4,1,6,3,1,5437,2,0,3,4,1,11,0,4,1,1,11,15
54,0,0,1,18,4,4,4,1,3,5,2,2,1,6435,5,0,3,1,2,36,2,3,7,0,5,2
53,0,0,0,28,1,4,1,0,2,3,6,3,0,5107,8,0,4,4,2,37,0,2,3,1,11,10
52,1,0,1,29,4,4,1,0,3,5,7,4,1,1560,1,1,3,2,1,33,6,1,3,1,14,10
36,1,0,1,23,2,0,3,0,2,2,4,1,2,13329,6,1,3,2,0,22,4,3,15,12,2,9
37,0,0,1,19,2,0,2,0,4,2,0,2,1,2826,4,0,4,2,3,19,3,1,15,8,2,1
35,0,0,1,9,4,3,3,1,3,3,0,4,1,12421,4,0,3,4,1,19,6,3,16,5,4,4
58,1,0,0,27,4,4,3,0,4,2,3,4,0,13265,6,1,4,3,3,40,1,2,2,2,2,7
31,0,0,1,21,2,2,1,0,2,3,1,4,1,8629,8,0,3,3,1,11,5,2,8,6,5,12
32,0,0,0,24,4,5,4,1,3,2,6,3,2,9325,3,0,3,1,1,12,2,2,2,1,1,14
48,1,0,0,27,5,3,1,0,1,4,2,1,1,8693,8,1,3,4,3,34,6,4,1,0,7,1
18,0,0,1,6,3,4,3,0,3,1,3,4,2,9264,9,0,3,3,2,0,3,1,1,0,12,11
20,0,0,0,14,5,2,2,1,4,4,8,1,2,13686,8,0,3,4,2,5,2,4,2,1,10,7
33,1,2,0,28,4,4,2,1,1,3,1,3,2,14716,3,1,3,3,0,14,1,3,3,2,11,0
40,0,0,1,26,4,1,4,0,1,3,7,4,2,7721,2,0,3,2,3,20,5,1,12,3,10,7
28,0,0,1,24,3,2,4,0,2,4,0,3,0,8373,1,0,4,2,0,9,4,2,0,0,8,9
29,0,0,0,29,4,5,4,0,1,1,2,3,2,6907,8,0,3,1,1,9,6,1,9,9,12,12
27,1,0,1,13,3,1,3,0,1,1,3,1,0,17127,1,0,3,2,0,12,6,2,5,3,14,4
49,0,0,1,11,2,0,3,0,2,5,5,4,0,6656,5,0,3,3,1,31,6,4,2,1,6,8
33,0,1,1,12,3,3,4,1,3,2,0,3,0,9984,4,0,3,1,3,17,1,4,4,3,13,9
25,0,0,1,19,3,4,2,0,4,5,7,4,1,9286,4,1,3,1,3,9,2,2,2,0,2,13
55,0,0,1,19,5,3,2,0,3,1,1,1,1,6901,3,0,3,2,3,35,2,2,6,3,10,10
29,0,1,1,21,4,5,2,0,1,4,4,3,1,5917,5,0,3,4,3,13,1,3,3,0,13,13
41,1,0,1,27,2,4,3,0,4,2,5,1,0,9429,4,1,3,2,0,21,6,4,1,0,9,2
45,0,0,0,26,1,1,1,0,3,4,7,4,1,15716,3,0,4,2,1,25,0,4,0,0,3,15
25,0,0,1,19,3,2,2,0,4,5,2,4,1,16795,8,0,3,1,2,11,1,3,5,2,11,16
45,0,0,2,24,1,2,2,0,1,3,8,1,1,12138,5,0,3,2,3,28,5,4,16,1,9,4
53,0,0,1,26,4,4,2,0,3,4,4,2,0,3530,9,0,3,3,3,36,5,2,2,1,1,6
43,0,0,0,13,3,1,4,0,4,5,7,3,0,19344,9,0,3,1,1,29,4,1,9,8,8,16
25,0,0,1,28,1,4,3,1,4,5,3,4,0,18432,9,0,3,2,2,8,1,1,7,7,13,10
45,0,1,1,14,5,4,4,1,3,5,8,4,0,6772,2,0,3,4,3,26,3,4,18,9,4,11
45,0,1,1,24,1,4,4,0,3,3,7,3,1,16476,9,0,4,3,2,28,5,3,12,10,11,1
54,0,1,1,18,5,2,1,0,1,3,4,1,1,19913,5,0,3,4,3,34,5,2,5,4,1,4
58,0,1,1,12,2,5,4,0,2,3,2,1,1,16751,0,0,3,3,0,40,5,1,7,0,9,10
53,0,0,0,4,4,4,1,0,4,2,0,1,1,3964,4,0,3,4,0,38,0,2,16,13,5,6
44,0,0,1,10,1,2,4,0,3,3,4,2,1,8137,9,0,3,2,2,26,3,4,3,0,6,5
34,0,0,1,29,3,0,2,0,3,3,4,2,2,18347,5,0,3,3,1,17,6,4,2,2,12,10
26,0,1,0,17,4,1,3,1,3,3,3,4,0,17920,7,0,3,1,1,11,6,1,0,0,1,13
50,1,0,1,4,1,0,4,0,4,4,7,1,2,14891,8,1,3,1,0,33,1,4,12,8,14,3
37,0,0,1,12,3,4,1,1,1,3,2,3,1,8340,2,0,3,4,1,19,0,3,11,3,0,7
30,0,1,1,13,3,2,3,1,2,2,8,4,0,8967,1,0,3,4,1,15,5,4,0,0,12,8
45,0,1,1,29,3,1,1,1,4,5,2,3,2,13415,3,1,3,4,1,25,6,4,6,1,6,1
46,0,1,0,27,3,3,2,1,1,4,3,4,1,12871,7,0,3,3,2,27,3,4,4,2,0,10
30,0,0,0,29,1,1,4,1,4,1,5,2,1,12916,7,0,3,1,2,16,6,2,0,0,2,6
52,0,0,0,4,2,1,3,1,4,3,8,4,1,9734,2,0,3,2,1,38,3,2,27,0,3,3
23,1,0,1,10,5,4,2,1,3,5,1,2,1,1845,3,1,3,3,0,9,0,1,1,0,1,13
35,0,0,1,25,5,0,4,1,1,5,1,4,0,3494,2,0,3,4,1,18,6,1,0,0,6,0
22,0,0,1,3,5,0,4,1,3,4,1,1,0,13677,9,0,3,1,3,7,5,1,6,0,4,11
42,0,0,1,15,2,3,1,0,3,1,4,3,2,19268,1,1,3,4,0,27,0,4,9,0,0,4
19,0,0,0,2,3,4,1,0,1,2,5,1,2,13330,3,0,4,2,2,1,2,2,0,0,11,7
27,0,0,0,25,3,1,2,1,3,5,2,4,0,6179,5,0,3,2,3,7,5,3,7,5,11,10
47,0,0,1,25,4,5,1,1,3,5,2,4,2,7610,4,0,4,1,1,31,0,4,5,2,7,3
22,0,1,0,17,5,0,2,1,2,5,1,4,1,7430,2,0,3,3,1,7,1,4,0,0,9,14
50,0,0,0,6,5,0,2,0,1,5,5,2,0,8154,1,0,3,2,0,31,6,4,1,0,6,11
18,0,0,1,26,3,2,2,0,1,4,0,3,1,14828,8,0,3,2,0,0,5,3,5,4,3,9
35,0,0,1,8,5,1,1,1,3,1,8,3,1,11145,0,1,3,2,1,20,4,1,2,2,1,15
49,0,0,1,3,3,4,3,1,3,5,3,4,1,7488,8,1,4,2,1,34,5,3,19,1,14,7
28,0,0,1,27,3,0,2,1,1,2,1,4,2,4850,0,0,3,4,0,10,2,1,11,7,6,7
38,0,1,1,25,3,4,3,1,1,2,5,2,0,18073,6,0,3,4,3,20,0,3,28,21,10,5
43,0,1,1,18,1,1,4,1,4,3,4,1,1,14564,5,0,3,3,2,26,4,2,2,0,1,2
42,1,0,0,22,1,1,1,1,1,5,2,1,1,6078,6,1,3,1,0,27,2,4,24,14,5,7
39,1,1,2,1,1,0,1,0,4,5,2,3,2,13168,2,1,3,1,3,23,1,4,3,1,0,9
44,0,0,0,29,1,3,3,0,3,5,4,2,0,6448,2,0,3,1,1,25,5,4,2,0,13,4
30,0,0,0,16,2,4,4,0,2,5,3,4,1,18563,0,0,3,2,2,10,6,1,0,0,6,10
50,0,0,0,7,4,4,4,1,2,5,4,3,2,10074,3,0,4,4,3,30,4,3,0,0,6,3
51,0,1,2,3,4,2,2,1,4,2,1,2,0,7406,1,0,3,4,2,35,6,2,8,2,11,16
58,0,0,2,23,3,1,1,0,3,1,0,1,1,9800,9,0,3,3,2,40,0,3,4,2,3,2
52,0,0,1,4,5,1,4,0,3,1,4,2,2,15083,7,1,3,1,2,34,0,4,1,1,3,7
18,1,0,1,9,1,0,4,1,3,3,0,1,0,2638,2,0,4,4,3,0,1,2,6,5,14,11
38,0,0,1,5,4,0,2,0,1,2,2,2,2,11340,6,0,3,3,3,23,2,2,2,0,9,15
23,0,0,2,19,4,0,2,0,3,5,7,3,0,2382,6,0,3,1,1,5,4,4,6,0,4,13
45,1,0,1,15,1,2,3,0,1,1,7,1,0,2403,8,0,4,2,2,27,1,3,3,0,1,15
34,1,0,1,8,2,3,1,0,4,4,8,3,0,10011,5,1,3,4,0,19,2,4,12,11,8,3
22,1,0,1,6,2,0,4,1,2,4,0,3,0,4292,0,1,3,4,0,7,3,3,12,8,9,0
48,0,0,1,18,4,0,3,1,4,4,3,1,0,10011,7,0,3,1,0,32,3,2,4,2,3,0
22,1,0,1,19,2,5,1,1,3,5,5,1,1,1419,0,0,4,2,3,5,2,2,3,3,10,14
55,1,0,0,24,1,0,3,1,3,5,6,4,0,13411,2,1,4,2,1,40,0,4,3,3,8,2
20,1,1,1,15,4,2,1,0,4,3,4,4,2,5517,4,1,3,4,3,1,0,2,11,11,13,13
40,1,0,1,26,1,4,1,0,1,3,6,4,1,16422,7,1,3,1,2,22,3,1,2,1,2,8
54,0,0,1,7,2,3,4,0,1,3,7,3,1,10700,8,0,3,3,0,37,0,2,1,0,8,7
54,0,0,1,10,1,4,1,1,1,4,5,3,1,6693,6,1,3,4,3,34,6,1,0,0,0,1
27,0,0,1,6,2,5,2,1,2,5,3,4,1,1767,8,0,4,2,0,11,0,2,4,3,6,3
27,0,2,1,14,2,1,4,1,2,4,0,3,1,19428,2,0,4,3,3,10,2,4,4,3,3,0
36,0,0,1,17,1,1,2,1,3,3,4,3,0,15818,4,0,3,1,0,21,5,4,12,5,6,10
34,1,0,1,9,2,0,3,0,4,5,3,1,2,2549,9,1,3,2,2,16,2,1,1,1,13,4
38,0,0,2,19,3,5,3,1,4,2,4,1,1,10956,7,0,3,3,0,20,0,4,3,0,9,1
31,1,0,1,5,1,4,1,0,3,1,3,3,0,7140,0,1,3,4,2,13,2,2,11,6,14,12
26,0,0,0,23,3,2,1,0,1,1,8,4,1,11837,7,0,3,2,2,9,4,2,12,4,5,16
18,0,2,1,7,1,3,2,0,2,3,2,2,1,4716,6,0,3,1,3,0,3,4,3,0,3,16
30,0,1,0,19,2,4,2,1,4,4,2,4,0,5481,0,0,3,2,3,15,5,2,4,0,3,8
21,0,0,1,20,2,5,2,1,3,2,6,2,2,7548,9,0,3,4,3,4,4,3,2,0,7,5
18,0,0,0,26,4,5,3,0,1,5,1,4,1,19677,9,0,3,1,2,0,4,3,18,12,6,2
57,0,1,1,7,4,4,2,0,1,4,8,1,1,5837,5,0,4,4,1,37,0,2,0,0,3,7
49,0,0,0,24,3,3,4,1,2,3,7,3,1,8758,0,0,4,3,1,29,0,4,19,16,10,2
51,0,0,0,2,2,4,4,1,2,4,5,3,2,11900,1,0,3,2,2,32,4,1,8,1,5,0
45,1,0,1,25,4,4,3,1,3,3,8,1,0,8993,4,0,3,4,2,27,4,4,5,1,5,12
48,0,0,1,23,2,3,2,1,3,1,2,2,1,6542,1,0,3,3,3,30,1,1,0,0,0,4
25,0,0,0,16,1,2,2,0,1,1,3,2,0,15828,9,0,4,1,3,8,1,4,4,2,12,15
56,0,0,1,13,4,5,1,0,1,4,6,2,1,17052,0,0,3,1,3,39,6,2,3,1,1,15
43,1,2,1,8,3,3,4,0,4,2,0,1,0,3385,5,0,3,3,1,29,3,3,1,1,3,11
51,0,0,0,6,4,0,3,0,1,5,0,2,0,15308,7,0,3,3,1,33,4,4,7,2,5,12
20,1,1,1,6,2,0,2,0,3,3,0,1,2,1671,7,1,3,1,2,1,2,1,24,1,5,3
29,0,0,1,9,5,0,1,0,2,5,7,4,1,1163,7,0,3,4,1,11,5,3,5,3,0,8
18,0,0,1,4,5,0,3,1,3,1,5,4,1,9656,5,1,3,3,3,3,1,1,8,1,7,15
22,1,0,1,27,2,1,3,0,4,2,2,1,1,12234,2,0,3,4,3,5,0,2,0,0,1,0
47,0,0,1,11,1,2,4,1,4,2,6,3,1,5795,0,0,4,1,3,29,4,3,3,1,12,4
47,1,0,0,5,4,1,2,1,2,5,5,4,0,11634,1,1,3,4,3,30,2,1,0,0,4,4
34,0,1,1,25,5,4,3,0,3,1,4,2,0,5798,4,0,3,4,3,16,5,4,6,6,3,8
40,0,0,0,17,1,4,1,1,4,5,2,1,2,19739,9,0,3,3,0,24,2,2,19,3,4,7
32,0,0,1,20,2,3,1,0,3,4,3,2,1,11749,4,1,3,4,2,15,6,2,7,0,4,14
54,0,1,0,7,1,0,3,0,4,2,0,2,1,6827,9,0,3,4,2,35,2,2,0,0,14,3
38,1,1,1,27,2,3,1,1,2,2,8,3,2,5719,0,1,3,4,1,22,0,4,3,1,9,14
31,1,0,1,15,4,4,3,1,4,4,4,2,1,1593,0,1,3,1,3,16,1,4,5,3,7,12
19,0,0,1,25,1,0,1,1,3,1,1,3,0,8394,8,0,4,1,0,1,2,3,3,1,9,4
28,0,1,1,15,4,5,3,1,3,2,8,4,0,15056,1,0,3,2,3,14,5,4,12,8,6,7
56,1,1,1,14,1,2,3,1,4,3,6,1,1,11636,6,1,3,1,3,40,1,3,11,3,11,0
55,0,0,1,13,2,4,3,1,1,3,7,2,2,1016,9,0,3,1,1,38,6,2,6,3,13,16
51,1,0,1,11,2,5,1,1,2,1,2,1,0,4191,3,1,3,2,0,35,6,3,3,2,8,1
55,1,0,0,28,1,3,3,1,2,4,6,2,0,1392,6,0,4,2,0,40,3,1,2,1,11,15
51,0,1,0,13,2,5,4,1,4,5,0,1,2,7272,7,0,3,3,2,32,0,2,0,0,10,1
35,0,0,1,26,3,3,3,0,4,1,5,2,0,17955,4,0,3,3,3,21,1,2,3,1,12,5
47,0,0,1,22,3,4,2,0,1,5,5,2,1,4631,0,0,3,1,0,30,6,3,3,3,14,6
32,0,1,0,28,4,1,2,1,2,1,5,2,0,7172,3,0,3,4,2,16,6,2,7,1,0,5
44,0,0,0,24,3,2,4,1,1,3,2,2,1,10312,9,0,3,3,0,29,1,4,7,3,5,5
51,1,2,0,29,3,5,3,1,2,4,5,2,1,19663,2,1,3,3,3,35,2,1,0,0,5,8
55,0,0,1,9,5,5,2,0,4,3,2,2,0,9906,9,0,4,1,2,39,5,3,3,0,1,7
50,0,0,1,10,5,4,3,0,2,4,8,2,1,18159,4,0,3,4,0,35,2,3,1,0,10,8
41,0,0,1,4,5,4,2,1,2,5,6,2,1,19631,9,1,3,2,1,21,5,2,1,1,7,11
32,0,2,0,17,5,3,1,1,2,1,3,2,1,17462,9,1,3,2,0,14,6,4,12,1,5,5
47,0,1,0,14,2,0,1,1,1,2,2,1,1,9080,5,0,4,1,3,30,6,2,0,0,10,3
59,0,2,1,24,4,0,4,1,1,2,5,3,1,8099,1,0,3,1,1,40,0,2,3,2,12,6
34,0,0,1,18,4,0,4,0,2,4,8,2,1,15916,6,1,3,4,0,20,1,3,1,0,9,4
22,0,0,1,11,3,3,3,0,3,4,2,3,1,8083,2,1,3,1,0,8,4,2,14,12,8,9
46,0,0,0,16,4,0,4,1,1,3,7,2,1,10223,0,0,4,1,2,32,6,1,5,0,9,7
21,0,0,1,1,3,4,3,1,4,2,5,2,1,5940,9,0,3,1,3,4,5,2,1,0,4,0
27,0,0,1,29,4,1,1,0,4,3,3,1,1,4456,2,0,3,4,0,11,5,2,4,4,6,14
34,0,2,1,7,1,1,1,0,2,5,4,4,0,8788,8,0,3,1,0,20,2,3,9,7,5,2
27,0,0,1,28,1,1,2,1,4,2,2,4,0,3711,9,0,4,3,0,12,2,2,22,21,10,14
34,0,0,0,10,4,0,3,1,1,5,1,1,0,12280,5,0,3,4,3,16,6,4,1,1,14,13
37,0,2,1,9,2,1,1,0,3,1,8,3,2,19052,5,0,4,3,1,18,6,3,15,5,4,0
41,0,0,1,27,3,5,1,0,3,3,2,4,1,17531,3,0,3,4,3,24,3,2,19,19,5,7
22,1,1,1,28,4,0,3,0,3,4,5,1,1,13089,7,1,3,3,2,7,5,1,17,14,3,6
51,1,0,1,28,3,5,2,1,4,2,4,1,0,11142,4,0,3,4,2,33,0,1,7,0,2,8
23,0,1,0,25,5,4,2,0,2,3,7,4,0,17749,6,0,3,2,3,5,1,3,6,2,12,11
19,0,0,1,3,4,5,2,1,4,4,4,3,2,16587,8,0,3,1,0,0,1,3,3,0,0,7
30,0,0,1,22,2,4,2,0,2,1,7,1,2,10866,4,0,3,1,0,15,1,2,9,9,0,7
28,1,0,1,23,5,3,1,0,3,2,4,2,0,5531,4,1,3,4,1,11,5,4,5,3,5,5
40,0,2,0,14,4,3,3,0,1,5,5,3,2,13686,3,0,3,3,3,26,2,2,7,2,13,2
33,0,1,0,26,1,5,3,1,4,1,4,3,1,6330,5,0,3,2,3,17,0,1,3,1,8,1
48,0,0,0,25,4,2,1,1,1,4,1,4,1,6510,1,0,3,3,0,34,1,4,9,4,7,13
28,0,2,0,15,1,4,1,0,3,2,5,4,1,9964,2,0,4,1,2,10,5,4,12,9,11,7
33,0,0,1,2,1,0,1,1,2,2,6,2,1,7493,0,0,3,1,2,15,4,4,1,0,1,5
25,1,1,0,24,4,2,4,0,1,1,2,1,2,11759,1,0,3,3,1,6,6,2,12,4,8,3
21,0,0,1,14,4,4,3,1,4,2,2,4,0,6439,1,0,3,4,1,7,3,1,5,1,7,4
57,0,0,0,16,1,0,3,0,1,4,6,4,0,15473,7,1,3,4,2,37,3,3,13,0,13,12
21,0,0,1,7,3,4,3,0,1,1,3,3,0,10765,7,0,3,3,3,3,1,2,3,3,13,8
42,0,0,1,4,5,4,2,1,4,5,1,4,1,14279,1,0,4,1,1,24,2,3,3,1,11,12
20,0,0,2,18,2,0,1,0,2,1,8,4,1,7511,5,0,3,3,0,4,3,4,17,6,8,8
49,0,0,2,24,4,4,1,1,4,1,8,4,0,12483,4,0,3,1,3,33,3,4,2,0,3,15
20,0,0,1,27,5,4,1,0,3,5,5,4,1,18630,2,0,3,3,0,1,3,2,13,4,8,11
44,0,0,1,5,5,4,4,1,2,4,1,3,1,3376,4,0,3,4,1,29,3,1,4,2,1,1
46,0,2,1,6,3,3,3,0,1,3,2,2,1,12824,4,0,3,2,2,27,1,4,5,0,12,15
49,0,0,1,27,5,1,1,0,4,3,4,2,1,19211,4,0,3,1,1,30,5,3,2,2,0,12
36,0,0,2,7,4,4,4,1,3,5,4,1,1,7979,2,0,3,2,2,20,0,3,5,2,12,4
38,1,0,0,15,5,0,1,0,4,4,8,4,0,10832,2,1,3,4,3,24,0,2,2,0,8,5
22,1,0,1,26,4,5,2,1,2,2,2,3,1,13504,3,1,3,3,1,8,2,3,0,0,9,16
35,0,1,0,1,4,4,3,0,3,5,1,1,0,7910,6,0,3,4,1,21,5,1,2,2,7,16
45,1,1,1,24,1,3,4,0,1,3,7,1,0,15089,1,1,3,2,1,30,6,4,0,0,6,16
59,0,0,1,4,3,3,1,0,2,4,6,2,0,3196,9,1,3,4,3,40,4,3,26,19,13,2
39,0,0,1,29,2,5,3,0,3,1,8,3,0,6978,3,0,3,4,0,19,0,3,23,16,12,12
38,0,1,1,25,1,4,4,1,2,4,2,3,1,18153,3,0,3,3,0,21,4,4,3,3,7,11
23,0,2,2,1,2,2,3,1,1,4,5,3,2,1780,0,0,3,2,2,6,0,2,9,6,11,5
18,0,0,1,11,4,5,3,1,3,3,4,2,0,10908,9,0,4,2,1,0,0,3,2,1,0,12
22,0,0,1,18,1,1,2,0,4,3,4,2,2,7303,7,0,3,2,0,8,2,2,7,5,13,13
58,0,0,1,14,5,0,3,1,4,2,7,2,0,15686,0,0,3,1,3,40,3,2,11,2,8,6
29,0,0,1,22,5,0,4,1,1,2,0,2,1,4983,7,1,3,4,1,14,2,3,20,20,11,4
43,0,1,1,11,2,0,3,0,3,5,0,2,1,10503,6,0,3,2,2,27,0,1,3,2,9,13
51,0,0,0,10,4,0,4,1,1,1,2,4,2,17905,8,0,3,4,0,34,5,2,10,7,10,3
31,0,0,1,27,2,3,3,0,1,2,1,4,0,14070,7,0,3,3,3,16,3,3,2,0,8,0
43,0,0,1,17,3,1,1,0,2,3,1,3,0,13232,4,0,3,3,3,27,5,2,32,25,14,6
44,1,0,1,4,5,4,2,1,4,4,1,1,0,5583,7,0,3,1,2,29,5,4,0,0,11,12
26,1,0,1,24,1,4,1,1,1,5,3,3,1,6946,9,1,4,1,0,6,5,1,6,1,10,3
43,0,0,1,15,1,2,2,1,2,2,0,1,2,17377,2,0,3,3,1,24,3,1,7,5,8,12
39,0,1,1,26,1,4,4,1,1,4,8,2,2,8128,9,0,3,2,3,19,5,4,8,1,12,3
47,0,0,1,16,5,1,2,0,1,4,4,1,1,12889,6,0,3,3,2,30,3,4,0,0,13,2
34,1,0,0,21,4,4,3,1,1,2,4,3,1,13275,3,1,3,4,3,18,4,2,19,18,5,7
43,0,0,0,13,5,3,3,0,4,1,8,3,2,3461,4,0,3,1,3,28,6,4,1,0,3,7
53,0,0,0,9,5,5,1,1,3,1,4,1,1,15291,8,0,3,1,0,36,0,1,6,6,12,16
18,1,0,0,11,1,4,2,0,4,5,7,4,0,15036,6,1,3,3,0,1,1,4,1,1,1,14
25,0,0,0,11,5,0,4,1,2,1,0,2,2,12435,3,0,4,2,1,6,5,3,2,1,10,3
52,0,1,0,6,1,0,4,1,3,5,0,2,0,1685,5,0,3,2,3,38,2,3,5,1,3,5
32,0,0,0,1,4,5,3,0,2,3,3,3,0,19544,9,0,4,4,2,15,4,2,3,1,6,5
39,0,1,1,22,3,0,4,1,1,2,7,4,0,13258,6,0,3,1,3,20,2,1,1,1,0,9
31,0,0,0,6,1,0,3,1,3,4,2,1,1,16990,9,0,3,3,2,15,1,3,1,0,13,3
43,0,0,1,13,2,3,3,1,2,5,0,2,1,17422,8,0,3,3,3,27,3,4,3,2,8,8
45,0,0,1,22,3,3,3,1,1,1,8,4,0,11736,3,0,3,1,2,30,1,3,9,7,2,15
40,0,0,1,24,4,3,1,0,2,5,8,2,1,5875,9,1,3,3,3,26,2,3,15,13,12,6
31,0,0,1,22,3,4,1,0,2,5,8,4,1,18640,2,0,3,1,3,12,1,2,0,0,12,13
41,1,0,1,5,1,5,3,1,4,1,8,4,2,12182,7,1,3,2,1,21,0,4,3,0,3,5
19,0,0,1,15,4,0,3,0,1,1,1,3,1,3196,0,1,3,2,0,3,1,4,0,0,11,0
43,0,0,0,27,2,2,3,1,4,2,3,2,1,8165,8,0,3,3,0,29,5,4,0,0,4,11
31,0,0,2,18,1,5,4,0,3,4,1,1,1,16997,0,0,3,2,2,16,0,2,7,5,11,14
24,0,2,1,20,1,2,3,0,1,2,6,3,0,15215,1,0,3,2,3,4,5,4,6,6,12,0
20,0,1,1,14,4,0,3,0,4,2,2,3,0,1301,7,0,3,4,3,4,6,4,1,1,2,14
40,0,0,1,15,4,1,2,1,4,1,8,1,1,18030,8,0,3,1,0,24,6,3,1,0,3,14
35,1,0,1,26,3,5,2,0,3,1,6,3,0,15571,6,1,3,1,2,20,1,3,0,0,4,15
55,0,0,0,5,2,4,2,0,2,4,7,4,0,10951,2,0,3,3,1,40,0,4,12,4,11,0
52,0,0,0,26,3,2,2,1,2,5,8,4,1,11773,6,0,3,1,1,34,0,1,25,22,0,2
32,0,1,1,4,3,5,3,0,2,2,7,2,0,17140,5,0,3,4,1,15,6,1,1,0,13,11
42,0,0,1,2,1,5,2,1,3,4,6,2,0,14057,1,0,3,3,3,25,1,4,1,1,8,6
54,0,0,0,7,4,3,4,0,4,2,8,1,1,13500,2,0,3,3,2,34,4,1,14,1,9,4
45,0,2,1,10,1,1,4,1,1,5,0,2,1,16921,9,0,3,1,0,28,3,2,18,7,12,0
27,0,1,0,16,2,3,2,0,3,2,3,4,2,12870,9,1,3,2,3,7,3,3,3,0,9,0
56,0,1,1,10,3,1,1,1,2,3,3,1,1,5082,4,0,3,2,3,40,3,2,0,0,12,14
34,0,1,1,18,2,1,4,0,2,4,4,1,1,14718,9,0,3,2,1,18,0,3,0,0,13,7
56,0,1,1,17,4,4,4,0,1,1,7,2,1,11517,3,0,3,2,2,38,6,1,5,5,3,10
39,1,0,0,21,4,5,2,1,3,2,0,4,0,4754,1,1,3,4,2,21,3,1,3,0,12,13
43,1,0,1,28,5,3,2,0,2,4,5,1,0,2724,3,0,4,3,1,27,6,4,0,0,8,12
42,1,0,1,13,2,3,3,0,3,4,8,4,2,2376,7,1,3,2,1,27,0,1,6,1,3,11
34,0,0,0,1,1,2,4,1,4,2,7,4,1,9706,4,0,3,4,1,15,6,1,0,0,13,3
30,0,1,0,1,2,5,2,1,3,1,1,4,2,9894,4,0,3,3,3,11,4,4,10,1,0,3
37,0,0,1,15,3,0,2,0,4,1,6,2,1,19037,9,1,3,1,3,20,1,4,2,2,11,2
42,0,0,1,1,4,0,3,1,1,2,4,3,0,19450,2,0,3,1,3,27,6,3,0,0,4,5
21,0,0,0,6,4,2,4,0,4,4,1,3,1,17406,7,1,3,4,0,1,6,1,6,3,12,4
27,1,0,1,25,2,1,2,1,4,1,0,1,1,19844,5,0,3,3,0,13,1,3,3,2,8,10
20,0,1,1,26,2,2,3,1,1,2,1,4,1,6926,1,0,3,2,2,2,0,3,25,8,2,8
58,0,0,0,13,2,2,2,1,2,2,5,2,1,7251,1,1,4,3,1,40,0,2,5,5,4,2
35,1,0,1,27,3,3,1,1,1,2,7,4,2,10496,8,1,3,2,1,19,6,1,2,1,2,8
53,0,0,0,28,3,2,1,0,3,4,2,4,2,4300,6,0,3,4,3,38,4,1,8,4,11,11
39,1,0,0,1,1,1,2,1,1,1,4,2,2,9553,9,1,3,2,0,21,3,2,2,0,2,2
51,1,1,0,5,2,0,4,0,3,4,1,3,0,4727,8,1,4,4,1,31,4,3,16,16,0,16
25,0,0,1,9,1,4,1,0,2,3,7,4,0,17898,5,0,3,3,2,5,1,1,3,3,1,11
57,0,2,1,25,5,5,3,0,3,1,3,4,0,17832,4,0,3,3,1,38,1,3,5,1,1,3
36,0,2,0,17,3,2,2,0,1,4,5,3,0,7019,0,0,3,2,3,19,5,2,0,0,8,9
59,1,2,1,16,4,5,3,0,1,1,2,2,1,16463,5,1,3,3,3,40,3,4,3,0,6,7
58,0,0,1,8,5,2,1,1,2,3,7,1,1,11047,5,0,3,2,0,40,6,3,12,10,7,8
54,0,2,0,17,4,5,4,1,1,5,7,3,1,12754,2,1,3,3,2,40,1,1,11,10,1,12
23,1,0,1,15,5,3,3,0,2,2,2,1,2,3520,2,1,3,1,2,3,5,4,1,0,8,5
43,1,1,1,24,1,3,1,0,2,4,8,1,2,4081,2,0,3,2,1,25,0,3,1,1,12,6
51,0,2,1,1,1,5,1,1,1,3,4,3,0,2428,2,0,3,4,2,35,1,3,11,6,2,5
23,0,2,1,12,3,2,1,0,4,3,8,4,2,4967,6,1,3,1,1,5,2,4,18,18,9,10
54,0,1,1,5,4,2,3,1,3,1,6,1,1,7445,9,0,3,4,1,37,3,4,0,0,12,16
50,1,0,1,24,5,1,1,0,4,1,2,1,1,15566,1,0,4,3,0,31,5,4,4,1,1,11
39,0,0,0,6,2,0,2,1,2,2,5,2,2,15042,9,0,4,1,2,21,3,1,2,0,11,12
38,0,0,1,25,2,0,1,1,3,1,1,4,0,12329,9,0,3,3,3,23,3,1,14,3,0,6
23,0,1,1,1,3,4,2,0,4,4,5,1,2,3159,1,0,4,2,1,4,2,3,0,0,8,4
23,1,0,0,25,4,0,4,1,1,4,4,2,1,6132,2,1,3,4,1,7,4,3,1,0,7,15
21,0,0,1,1,2,4,2,0,4,4,2,4,2,19931,9,1,3,3,1,2,0,2,9,6,12,3
47,0,0,1,10,3,3,4,1,3,5,6,3,2,15933,6,0,3,4,2,29,3,1,0,0,14,0
28,0,0,1,10,3,4,4,1,3,4,3,3,1,11473,2,1,3,4,2,10,1,3,4,0,11,3
47,0,2,0,3,4,4,2,0,3,1,5,2,0,11805,6,0,3,3,2,32,0,4,4,3,10,2
48,0,0,2,17,2,0,4,1,3,1,8,3,0,4083,8,0,3,2,1,28,1,4,2,0,3,3
41,0,1,1,19,2,2,2,1,4,4,5,1,1,18421,9,0,3,4,3,26,0,1,3,2,6,0
26,0,0,0,28,2,3,3,0,1,3,3,4,0,14944,3,0,3,3,3,8,6,4,5,5,11,11
20,0,1,0,11,1,1,4,1,1,3,1,1,2,8604,6,0,4,2,2,6,0,2,1,1,13,12
48,1,0,1,29,2,4,2,0,3,3,8,1,0,16379,8,0,4,3,3,29,5,3,5,1,2,1
57,0,0,0,18,5,4,4,0,1,2,3,3,2,4983,7,0,3,2,1,40,1,3,11,4,2,8
54,1,2,0,2,1,5,1,1,4,5,3,1,1,2778,7,1,3,4,2,39,1,3,9,8,3,6
53,0,0,1,9,1,4,2,0,1,4,1,3,0,6110,8,0,3,1,2,39,6,1,1,0,1,12
41,1,0,1,24,1,2,1,1,2,2,4,4,1,13087,4,1,3,3,1,27,0,4,1,0,13,1
48,0,0,1,17,1,1,4,1,1,3,5,4,1,18508,4,0,3,4,2,34,3,2,2,1,9,0
23,0,0,1,28,3,5,4,0,3,4,5,1,1,18081,2,0,3,3,1,3,1,1,3,2,3,6
19,0,0,1,14,5,0,3,1,1,2,2,2,1,3179,4,0,3,3,2,1,6,3,3,0,9,7
37,0,0,2,4,4,3,2,1,1,1,8,3,0,10596,7,0,3,2,3,19,2,2,7,7,2,11
45,0,0,0,29,2,2,1,1,1,3,6,3,1,6251,4,0,4,3,2,29,2,3,0,0,7,10
28,0,0,1,17,1,1,3,0,1,2,2,1,1,10235,3,0,3,2,2,8,0,3,0,0,10,8
21,0,0,1,17,4,3,4,0,2,1,3,3,2,19313,7,0,3,4,2,5,4,1,3,1,1,3
32,0,0,1,12,3,0,4,1,4,3,6,3,2,15871,6,0,3,3,0,16,0,3,8,4,10,6
23,0,2,1,28,4,3,3,0,3,5,7,2,0,2013,5,0,4,4,3,7,6,2,1,1,8,16
47,0,0,0,20,1,5,1,1,3,3,5,2,0,17610,4,0,3,1,1,30,0,3,7,4,2,10
55,1,1,1,18,5,4,4,1,1,5,3,1,1,2828,4,0,3,4,0,39,3,4,2,1,3,1
19,1,0,1,3,4,4,4,0,4,5,1,2,2,8909,9,1,3,3,3,4,3,3,15,2,12,11
32,0,0,1,11,1,2,2,0,1,5,7,1,1,6588,1,0,3,1,2,13,5,1,15,8,9,8
28,0,0,2,25,1,3,3,0,2,4,0,4,0,14109,3,0,3,2,2,13,6,2,2,1,13,10
25,1,0,0,18,2,4,4,1,4,4,8,1,0,3023,7,0,3,1,1,10,4,1,1,0,14,4
43,1,0,0,4,2,2,1,0,4,5,7,4,0,15537,7,1,3,3,1,25,6,4,3,2,9,6
22,0,0,0,17,5,2,2,1,4,1,2,1,1,6891,0,0,3,3,3,5,6,3,1,1,14,0
23,0,1,1,18,2,5,3,1,4,5,3,3,1,2080,1,0,3,4,3,7,4,1,7,3,14,4
43,0,0,0,5,5,2,1,1,1,2,3,2,1,6036,4,1,3,2,1,25,6,1,12,9,2,5
21,0,1,1,14,3,0,4,0,2,5,1,4,0,16379,8,0,3,3,3,1,4,1,7,0,2,12
36,1,2,1,10,3,4,3,0,4,4,4,1,0,11822,9,0,3,3,1,16,4,1,12,10,7,10
37,0,0,1,15,2,4,3,0,3,4,2,2,1,3563,6,0,3,2,2,19,4,4,3,3,7,7
50,0,0,0,1,3,1,1,1,3,2,0,1,2,4292,9,0,3,2,1,31,6,4,1,1,12,1
37,0,0,1,16,4,0,3,1,2,2,1,2,1,4586,4,0,3,4,0,19,6,3,9,8,12,14
29,0,0,1,11,4,4,1,0,3,3,6,2,2,17087,0,0,3,1,1,11,0,3,3,3,5,9
18,0,0,1,23,4,5,4,0,1,1,0,1,1,17100,5,0,3,2,1,1,6,2,7,1,3,7
43,0,1,1,20,3,4,2,0,1,1,1,4,0,7643,7,1,3,3,0,23,0,4,2,0,0,1
31,1,2,0,6,4,1,1,0,2,1,6,4,0,4959,6,1,3,2,0,11,5,1,0,0,3,14
55,0,1,0,24,5,3,2,0,4,4,0,3,1,12005,1,0,3,3,0,39,2,1,34,22,7,5
54,0,0,2,29,1,3,3,0,3,1,6,2,1,11775,4,0,4,4,0,39,2,2,1,1,5,4
28,1,0,1,22,2,0,1,0,3,3,7,3,1,1161,3,1,3,1,1,10,5,1,31,22,1,2
53,0,0,0,16,5,2,4,0,2,3,1,3,1,17029,8,0,3,4,3,35,5,2,26,10,2,10
30,0,0,1,2,4,1,1,0,2,1,3,1,1,17977,9,0,3,2,0,11,1,3,11,3,11,10
20,1,0,1,1,1,1,1,1,3,2,6,1,0,15226,0,1,3,3,2,6,0,4,7,5,6,15
50,1,0,1,24,2,4,1,0,4,3,0,1,2,12154,5,0,3,2,1,36,4,2,6,5,10,2
23,1,2,0,24,5,5,2,0,2,2,5,2,1,13080,2,1,3,2,3,3,1,1,14,4,10,8
27,0,1,1,9,2,4,2,1,1,4,4,1,1,4390,8,0,3,2,2,8,3,2,2,1,3,2
22,0,0,0,22,3,5,3,1,3,3,5,1,1,6997,4,0,3,2,1,5,0,3,4,0,3,10
40,0,2,0,12,4,1,3,1,2,2,7,2,1,13693,5,0,3,1,1,24,6,1,6,1,14,13
27,1,0,1,17,5,2,3,1,2,1,0,2,0,18047,8,1,3,3,2,8,5,3,3,2,14,1
19,0,0,0,25,5,3,3,1,2,4,2,4,1,10324,8,0,3,2,0,0,2,3,3,0,4,6
30,1,1,1,28,1,0,1,1,3,5,8,1,1,1541,7,0,3,3,0,13,0,2,2,1,7,9
57,1,2,0,29,1,5,2,1,1,5,7,1,1,6093,8,0,3,1,2,39,5,3,5,0,13,9
19,1,0,1,15,1,3,2,0,1,1,3,1,0,14428,3,1,4,3,3,2,0,1,13,3,13,0
37,0,0,1,19,2,0,2,0,3,4,8,4,0,12166,5,0,3,3,0,22,6,3,1,1,6,5
18,1,1,1,27,4,2,2,0,2,4,6,1,0,18251,4,0,3,1,1,0,0,3,19,4,8,13
54,0,0,1,22,2,1,3,1,3,4,1,4,1,17063,4,0,3,2,1,34,6,2,8,8,14,1
26,0,0,1,10,4,2,1,0,3,4,0,3,2,11258,3,0,3,3,3,7,0,3,12,5,4,5
34,0,0,1,29,5,5,2,1,2,5,0,4,0,17044,1,0,3,4,1,16,3,4,5,3,0,0
26,0,2,1,26,2,1,4,0,3,2,2,3,1,6469,5,0,3,3,0,12,2,2,10,1,3,2
28,1,0,0,27,2,4,1,1,4,4,1,1,0,7256,8,1,3,2,3,10,0,2,0,0,5,3
32,0,1,1,12,2,0,4,0,1,2,3,3,2,11720,0,0,3,4,0,12,5,1,11,4,5,12
41,1,0,1,14,3,4,1,0,4,4,7,4,0,2169,6,1,3,2,3,26,3,1,0,0,8,2
55,0,0,1,9,4,1,1,0,4,3,4,2,0,1830,5,0,3,3,2,39,1,1,15,15,9,14
52,1,2,0,27,4,0,1,0,4,3,4,3,0,2651,2,0,3,1,1,35,0,1,33,21,12,12
47,0,0,0,13,2,0,4,0,3,3,5,3,2,18520,0,0,3,2,3,30,6,4,2,2,4,10
48,1,0,1,3,3,4,2,0,2,4,4,1,1,10518,3,1,3,2,2,30,3,2,1,0,4,3
22,0,0,1,21,2,0,2,0,3,2,4,4,0,14258,8,0,3,1,0,3,4,3,10,7,5,16
31,0,1,1,29,4,1,4,1,1,5,6,3,0,17184,1,0,3,3,2,17,1,1,2,2,10,4
28,1,0,0,14,5,5,2,1,3,1,5,3,0,2019,2,1,3,2,0,9,2,1,14,13,5,7
26,1,0,0,21,3,5,3,0,3,5,1,3,0,11028,1,1,3,3,3,11,0,1,0,0,2,9
51,0,0,1,10,3,1,2,0,3,4,0,3,2,13448,1,1,3,3,3,35,0,3,0,0,5,6
29,0,0,1,16,2,4,3,0,3,3,0,2,1,13485,9,0,3,3,1,10,3,1,27,17,7,16
52,0,0,0,7,5,2,3,0,4,3,3,4,1,2283,7,0,3,1,1,35,2,3,7,0,11,6
52,0,0,0,4,4,1,3,1,2,2,1,1,1,18043,2,0,3,3,3,38,4,2,13,6,5,8
18,1,0,1,27,1,5,4,1,1,4,5,1,1,19394,6,1,3,3,0,0,1,2,2,1,11,1
57,1,0,1,20,4,1,2,0,1,5,8,2,0,2733,7,0,3,4,0,40,5,2,7,4,10,5
39,0,0,1,23,4,0,2,0,1,4,7,4,0,19509,2,0,3,4,3,23,2,4,6,3,4,9
46,0,2,1,25,5,0,4,0,3,4,3,3,1,19555,1,0,3,4,0,29,0,3,6,3,2,12
25,0,0,1,11,3,1,4,0,1,3,1,2,0,17230,7,0,4,2,3,11,3,1,8,0,0,1
28,1,0,0,16,4,4,2,1,4,5,0,4,1,15472,2,1,3,2,1,9,4,1,5,1,4,9
58,0,1,1,20,3,2,4,1,2,1,6,3,2,13889,6,1,4,4,0,40,3,1,3,0,5,9
54,1,0,2,4,5,0,4,1,3,3,2,2,0,4471,0,1,3,1,1,36,1,1,2,1,13,4
31,1,0,1,22,5,5,3,1,3,5,5,4,2,10028,5,1,4,1,2,13,6,4,10,2,5,3
47,1,0,1,22,2,0,4,0,4,2,4,1,0,9329,8,1,3,4,1,32,6,1,1,0,13,1
52,1,1,1,23,1,5,3,1,1,3,4,1,1,3097,2,1,4,2,2,34,2,4,8,7,5,6
38,0,0,1,17,5,2,1,0,3,2,1,4,1,15082,6,0,3,2,1,19,3,3,1,1,2,16
54,0,1,1,13,5,0,3,1,3,3,8,1,1,14930,5,0,3,1,1,38,5,2,6,3,14,10
22,0,0,1,11,3,4,3,1,4,4,3,4,0,11077,7,0,3,3,0,5,5,1,9,3,3,7
36,0,0,0,3,5,5,4,0,4,5,0,3,2,7397,2,0,4,1,1,22,6,2,1,1,14,11
31,0,0,2,9,4,0,2,1,1,2,1,4,2,3757,2,0,3,3,3,11,6,3,0,0,2,0
43,0,2,1,6,2,0,1,0,2,3,8,3,0,19284,3,1,3,2,0,25,3,3,0,0,1,11
21,0,0,0,22,2,1,1,0,2,2,6,2,2,19994,2,0,3,2,0,3,0,1,6,6,7,5
42,0,0,0,21,4,4,1,0,1,3,1,4,1,18833,8,1,3,4,0,22,3,3,13,9,6,2
59,0,0,1,11,5,4,2,0,2,3,6,2,2,6017,3,0,3,2,1,40,4,2,0,0,10,4
42,0,0,1,16,1,1,1,0,4,1,3,1,0,17370,5,0,3,3,0,28,2,1,9,1,7,13
35,0,0,0,19,5,5,1,1,4,1,1,3,2,8999,7,0,4,1,2,15,1,4,2,2,12,11
57,1,0,1,27,2,3,2,1,4,1,3,4,0,11195,7,1,4,4,2,40,5,1,4,3,5,12
25,0,0,1,5,1,2,1,0,2,2,4,2,2,3096,4,1,3,3,1,6,3,2,18,16,10,12
56,0,0,1,14,3,4,4,0,2,4,3,3,1,16433,4,0,3,1,0,40,4,1,2,1,14,16
57,1,1,0,17,3,3,4,0,3,3,2,3,1,11595,5,1,3,1,3,40,6,1,4,3,11,14
31,1,2,1,3,5,5,3,0,3,5,5,1,0,16941,9,0,3,1,3,17,5,2,0,0,14,5
49,0,0,0,4,5,2,3,1,3,1,0,1,2,16078,6,0,3,2,2,31,5,1,0,0,13,11
55,0,0,1,16,1,4,3,0,2,2,7,3,1,6105,9,0,3,1,1,39,1,1,2,0,6,1
50,0,0,1,16,1,0,4,1,3,2,4,3,1,3839,6,0,3,2,1,31,5,2,0,0,0,3
40,0,0,1,21,5,4,4,1,4,2,7,4,1,4384,3,0,4,1,1,21,4,3,6,6,9,11
32,0,0,1,26,2,2,4,0,2,5,3,3,2,11851,5,1,4,1,1,18,5,2,3,1,4,2
50,0,0,0,25,3,3,3,1,1,5,3,4,1,11053,6,0,3,2,1,34,5,1,5,5,3,16
42,0,2,1,4,1,0,3,0,2,1,4,3,0,14493,4,0,4,2,0,26,3,4,1,0,9,5
34,0,0,1,19,2,2,3,0,3,5,4,1,2,18069,4,0,3,3,0,19,3,4,2,1,2,16
50,1,0,1,26,5,5,3,1,2,1,5,4,1,15139,1,1,3,1,0,34,6,2,7,4,1,16
19,0,0,1,17,4,2,3,0,3,5,4,2,1,8531,6,0,3,2,3,5,2,4,23,0,13,10
31,1,0,0,13,1,4,3,0,3,5,4,1,0,5283,5,0,3,3,0,17,0,1,0,0,13,6
57,0,1,0,26,4,5,4,1,1,5,7,4,2,8736,0,0,3,3,1,37,4,1,15,10,8,1
57,0,0,0,22,2,1,2,1,1,1,5,4,0,8710,3,0,3,2,1,39,0,2,6,1,7,1
56,1,2,1,23,3,1,2,1,4,3,1,2,1,2619,2,1,3,1,3,40,0,1,5,5,9,12
23,0,0,0,26,2,0,3,0,3,1,3,4,2,14975,2,0,3,3,3,9,5,3,4,2,14,15
23,0,0,0,24,3,2,2,1,2,3,3,3,0,13835,6,0,3,1,2,3,6,1,0,0,1,16
20,0,2,1,28,2,3,2,1,1,2,4,2,2,16261,9,0,3,1,3,5,1,2,0,0,5,10
24,1,0,0,1,1,0,4,1,1,2,5,1,1,2431,3,0,3,3,2,6,1,3,6,3,2,8
25,1,0,0,12,1,5,3,1,3,1,4,1,1,10067,7,1,3,2,0,10,5,3,2,0,2,8
59,0,1,1,4,4,0,3,0,2,3,5,3,1,5713,8,0,3,1,1,39,6,4,17,7,4,13
32,0,0,0,11,2,4,2,1,1,3,7,1,1,10557,2,0,3,4,2,15,4,1,3,2,6,12
46,0,0,1,5,2,5,3,1,1,3,3,4,0,10435,4,0,4,2,2,32,0,2,1,1,6,10
50,0,0,2,2,4,3,3,0,2,2,2,4,0,5998,3,0,3,3,2,32,2,4,8,0,10,11
47,0,0,0,17,5,2,3,1,1,1,8,3,2,1162,9,0,3,4,3,28,6,4,2,1,9,2
56,1,0,1,8,2,5,3,1,2,4,2,1,0,2974,5,0,3,1,3,38,0,1,5,4,0,0
44,1,2,1,6,2,2,2,0,3,3,7,1,2,9461,9,1,3,2,3,26,1,1,8,4,10,7
53,0,0,1,21,2,2,1,0,1,3,4,3,0,18015,3,0,3,4,2,35,0,2,16,0,6,12
46,0,0,1,29,5,0,2,0,3,4,8,2,1,18289,7,0,3,2,0,29,3,4,10,10,6,6
55,0,0,1,9,1,4,4,0,2,1,2,1,2,3014,2,0,3,1,1,40,3,2,7,4,5,12
50,0,0,0,13,4,0,1,0,3,3,7,2,0,10833,4,0,3,2,3,30,2,4,7,0,5,5
54,0,0,1,11,5,1,1,1,3,1,6,1,2,8896,0,0,3,4,0,40,4,4,20,4,12,2
44,1,0,2,29,3,1,1,1,3,3,6,1,1,1204,5,0,4,2,3,25,0,4,2,1,12,5
50,0,1,1,16,3,2,2,1,4,5,8,1,1,17965,4,0,3,3,3,30,3,1,0,0,1,2
21,1,0,1,16,5,4,4,1,2,3,7,1,1,10032,7,1,4,3,2,6,4,4,2,0,2,12
39,0,0,0,27,5,5,2,0,2,5,2,4,1,6347,8,0,3,4,2,24,6,4,1,0,2,12
19,0,0,1,2,1,2,4,0,2,1,5,2,1,3643,7,1,3,2,3,4,6,4,7,1,12,12
27,0,0,1,10,3,5,2,0,2,3,5,2,1,9017,7,0,3,4,1,7,3,3,7,1,2,0
22,1,1,1,12,4,2,2,1,2,2,4,1,0,19681,2,1,3,2,3,6,4,1,6,0,1,7
27,0,0,0,8,2,0,2,0,1,2,2,1,0,18258,3,0,3,1,1,10,4,3,0,0,8,4
50,0,0,1,11,2,2,1,0,1,4,8,2,2,6560,3,0,3,3,0,34,3,1,9,4,5,16
55,0,0,1,10,1,2,2,1,1,2,6,4,2,16892,4,0,3,1,3,40,5,2,2,2,1,8
30,0,0,0,13,1,4,4,0,3,5,3,3,1,15531,8,0,3,2,1,15,1,3,7,7,2,12
48,0,2,0,25,3,4,4,0,3,2,5,3,1,18073,8,0,3,1,0,31,4,2,5,1,9,12
53,1,0,0,17,4,5,4,1,2,2,4,2,1,5000,9,1,3,4,0,33,6,4,2,1,5,4
41,0,0,1,7,4,4,1,1,4,2,0,1,1,15289,0,0,4,4,2,26,5,2,1,1,3,13
32,0,0,1,24,5,2,2,0,2,3,1,1,1,18055,7,0,4,2,0,12,0,2,0,0,6,10
46,0,0,1,3,1,4,2,1,1,4,0,4,2,8927,0,1,3,3,2,29,5,2,12,11,5,13
25,0,0,0,20,2,4,3,0,2,1,8,3,0,16562,1,0,3,4,0,5,3,2,17,10,14,6
22,0,2,1,13,2,3,1,1,3,4,8,4,1,2171,6,0,3,3,0,2,5,1,7,3,5,16
46,0,0,1,19,3,3,4,1,2,5,4,3,2,12918,7,0,3,2,1,27,1,3,0,0,11,3
21,0,1,1,7,2,1,4,1,1,3,7,2,1,10135,0,1,4,3,1,7,3,1,3,2,2,9
29,0,0,0,9,4,0,2,1,2,3,3,3,2,7342,2,0,3,2,2,13,2,1,9,8,10,9
19,1,1,0,19,4,0,4,0,3,2,0,4,1,18833,6,1,3,1,3,3,0,1,10,9,7,14
44,1,0,2,13,1,4,2,0,4,2,3,4,0,12929,8,1,3,2,1,28,6,2,0,0,8,11
48,0,0,1,22,3,1,2,0,1,5,6,4,2,3539,7,0,3,1,0,30,2,1,0,0,5,8
53,0,2,1,8,2,1,3,1,2,3,1,2,1,4959,7,0,4,2,2,34,5,3,8,5,1,2
53,0,0,0,22,1,5,1,0,3,1,1,3,1,14183,8,0,3,4,2,38,4,1,3,2,0,14
43,1,0,1,18,5,3,2,1,1,4,5,3,0,6432,9,1,3,4,2,28,5,4,2,1,2,11
44,0,1,0,29,5,1,2,0,1,3,8,4,1,19745,2,0,3,3,0,29,6,2,0,0,2,14
22,0,0,1,23,2,2,2,1,3,1,2,3,1,2753,7,0,3,2,1,6,6,4,5,5,7,0
37,1,0,1,2,2,5,3,1,2,1,6,1,0,19322,0,0,3,2,3,23,4,3,13,4,4,14
28,0,1,1,18,2,4,2,1,2,4,8,1,1,11123,7,0,4,2,2,12,2,3,22,5,0,10
27,1,2,1,18,4,2,1,0,2,1,8,1,1,17376,6,1,3,3,0,13,2,3,5,0,10,4
57,0,1,1,11,2,0,1,0,1,5,3,3,0,7588,7,0,3,4,1,38,4,3,5,4,3,6
55,0,0,1,1,5,3,4,0,4,1,1,2,1,7304,0,0,3,2,1,40,1,1,0,0,6,11
23,0,0,1,14,2,2,1,0,1,5,0,2,1,8345,5,1,3,3,3,3,0,2,5,4,4,5
25,1,0,1,16,3,4,4,1,2,1,5,2,0,16352,6,1,4,2,2,9,3,3,3,3,9,2
40,1,0,0,11,5,2,1,1,1,2,4,2,1,1597,4,1,3,1,0,25,2,4,6,5,14,9
43,1,1,1,1,3,2,4,1,4,1,5,1,0,3336,4,1,3,2,1,23,0,3,3,3,12,3
29,0,0,0,7,5,1,2,1,1,5,6,1,0,10879,6,0,3,1,0,13,3,2,1,1,5,12
43,1,0,0,29,1,3,3,0,3,1,8,4,1,1572,2,0,3,3,1,26,5,4,0,0,13,4
30,0,0,1,16,5,0,3,0,2,1,5,3,1,8521,5,1,3,3,2,12,3,4,2,1,9,0
57,0,2,1,14,5,4,3,1,2,1,5,3,2,7171,6,1,4,4,2,40,2,4,0,0,3,15
35,0,0,1,15,3,5,2,0,2,5,2,2,0,19474,0,0,4,2,3,18,1,1,1,0,1,15
42,0,2,1,14,3,5,3,1,1,1,7,1,1,14992,1,0,3,3,1,23,1,3,30,3,8,15
50,0,2,2,28,5,4,1,1,1,4,8,2,0,12861,3,0,3,4,0,33,0,1,4,1,14,15
57,0,2,1,21,5,0,4,1,1,4,0,4,1,13464,7,0,4,2,1,38,5,4,5,5,1,0
29,0,2,1,11,4,4,2,0,2,5,5,3,1,2633,9,0,3,3,0,13,0,1,14,13,1,9
53,1,1,1,16,1,1,3,1,1,2,6,3,1,18901,5,1,3,1,3,34,4,1,37,19,12,1
21,1,1,0,19,1,5,1,0,2,4,7,2,1,13485,0,1,3,3,1,4,1,1,6,5,11,13
22,0,0,0,17,2,5,1,1,1,3,7,4,2,11849,9,0,3,1,2,8,0,3,11,3,1,7
54,0,0,1,27,5,2,2,0,2,4,6,3,1,4648,4,0,3,4,0,36,4,4,2,2,0,5
25,0,0,1,26,5,1,2,0,3,3,7,4,2,16177,6,0,3,4,2,5,5,4,2,2,12,2
59,0,0,0,6,5,5,3,1,1,5,8,4,0,14140,5,0,3,2,3,39,6,3,3,2,11,15
45,0,0,1,11,5,1,4,1,2,2,6,2,1,18921,8,0,3,2,3,27,3,1,7,2,11,16
48,1,0,1,17,1,1,3,0,3,3,2,1,1,15357,7,1,3,2,0,33,0,1,8,7,2,11
26,0,2,2,9,3,0,3,0,3,3,8,2,1,14368,3,0,3,4,1,6,4,2,2,0,5,2
46,1,0,1,18,4,5,2,0,4,4,0,1,0,4137,4,1,3,1,2,30,1,2,1,1,6,12
31,1,0,1,17,3,3,3,1,1,3,7,4,2,1097,6,1,3,2,2,16,3,2,7,5,0,15
57,1,1,2,12,3,0,3,1,2,5,5,1,0,12407,7,0,3,2,0,40,0,3,0,0,13,10
58,0,0,1,23,1,0,4,0,4,5,2,4,0,13722,4,0,3,4,0,40,1,4,6,0,4,15
39,0,0,1,22,4,1,1,0,1,5,8,3,1,13924,8,0,4,1,0,22,6,2,8,5,4,1
28,0,1,1,22,5,3,1,0,3,4,5,3,1,4750,9,0,3,3,3,13,3,4,8,8,0,3
40,0,0,1,5,1,0,4,1,1,2,6,3,1,9535,3,1,3,2,3,25,2,4,9,9,3,3
18,0,0,0,11,1,3,1,1,2,4,1,2,1,5666,3,1,4,3,2,3,1,4,14,9,9,16
54,0,0,0,4,4,5,3,0,3,5,0,2,1,17009,7,0,3,3,1,39,2,3,4,1,0,0
38,0,0,1,27,2,1,4,0,4,4,0,4,1,17994,0,0,4,2,0,19,5,3,9,0,12,0
43,0,1,1,4,1,0,4,1,1,5,2,3,1,2727,7,0,3,4,3,29,0,3,6,1,13,4
53,0,0,1,3,3,3,2,1,1,1,2,2,2,2854,4,0,3,2,1,38,6,3,1,0,14,11
40,0,2,1,26,3,4,1,0,4,1,7,3,2,11800,0,0,3,1,0,26,4,2,0,0,0,5
18,0,0,0,24,5,0,2,0,1,3,6,2,1,6055,3,0,3,1,1,3,0,1,2,1,11,5
57,1,0,0,23,1,0,3,0,1,2,7,1,0,11271,1,1,3,2,0,40,1,1,4,0,14,16
32,1,2,1,25,5,0,4,1,1,1,0,1,2,19708,3,0,3,3,1,16,2,1,6,6,6,12
38,0,2,0,17,1,3,3,0,3,5,3,3,0,13819,7,0,3,1,2,24,2,2,13,10,6,7
26,0,0,1,7,4,2,1,0,3,4,7,4,0,10369,4,0,3,1,0,9,3,1,1,1,2,11
26,0,0,1,26,1,5,2,0,2,4,1,2,0,10283,0,0,3,2,0,6,0,2,0,0,6,14
27,0,1,1,4,2,0,1,1,1,3,6,2,0,14171,6,0,3,2,2,8,0,2,23,8,2,16
43,1,0,1,23,3,4,3,1,2,4,7,1,2,6774,0,0,3,4,0,24,1,2,0,0,1,8
58,1,0,1,13,4,4,2,1,3,1,8,1,1,7519,8,1,3,2,0,40,2,1,4,0,9,1
52,0,1,1,12,3,1,1,0,1,4,6,4,2,11983,2,0,3,2,3,37,1,4,6,0,14,10
42,1,0,2,1,5,2,3,1,2,1,8,4,0,19133,2,1,3,1,2,25,1,1,5,3,3,16
43,0,0,1,21,4,2,1,1,1,1,1,4,1,15939,5,0,3,1,3,23,5,1,0,0,13,14
28,1,0,1,19,2,3,4,1,1,2,0,3,2,1781,9,1,3,1,2,11,2,3,0,0,9,6
55,1,2,0,21,3,1,2,1,4,3,0,1,2,17282,5,1,4,3,1,40,1,2,0,0,2,15
19,0,0,1,20,1,3,2,1,2,5,3,3,1,7823,5,0,3,1,2,4,2,4,6,1,11,0
24,1,1,1,18,1,1,2,0,3,1,0,1,0,19489,0,0,3,1,2,6,1,3,5,5,6,7
35,1,0,0,11,1,5,4,0,2,3,6,1,1,8193,4,1,3,2,3,18,4,4,1,0,11,6
44,0,0,0,20,4,2,2,0,2,5,7,2,1,3113,5,1,3,4,0,28,1,4,7,3,11,1
51,0,0,0,3,2,5,4,0,2,4,2,1,1,17280,7,0,3,1,2,34,1,2,12,8,0,11
44,0,0,1,29,2,3,2,0,4,3,0,1,1,14565,0,0,4,4,0,25,6,1,0,0,5,15
34,0,0,1,17,2,1,1,1,1,3,2,3,1,11183,4,0,3,1,2,14,4,2,4,2,14,8
41,1,0,0,12,3,2,1,1,3,3,1,1,1,18961,2,1,3,1,3,27,0,2,8,0,13,10
42,0,0,1,10,4,2,1,0,4,4,5,3,1,10203,1,0,4,4,2,26,2,3,2,2,1,14
24,1,1,1,8,1,0,1,1,3,4,6,4,0,19658,7,1,3,2,1,6,6,2,2,0,7,2
23,1,0,1,15,3,3,4,0,4,3,8,1,1,16795,6,1,3,1,2,3,3,1,6,2,13,12
41,0,1,1,5,2,0,3,0,1,2,4,1,1,19810,9,0,3,4,2,21,4,4,15,0,4,12
50,0,0,0,4,1,2,3,1,3,1,3,3,0,14489,6,0,3,1,0,36,6,2,11,11,2,1
46,0,0,1,26,4,3,1,0,2,4,0,4,0,6546,4,0,3,3,0,27,0,4,6,0,9,5
39,0,0,1,28,5,3,3,1,4,2,5,2,0,7852,8,0,3,3,1,20,1,2,9,8,6,5
43,0,0,1,21,2,5,3,0,3,4,7,4,1,3551,4,0,3,3,2,24,5,4,3,0,13,11
45,0,0,1,20,2,4,2,1,1,3,3,3,2,7411,1,0,3,3,0,29,0,2,7,6,10,3
38,0,0,1,19,2,1,4,1,3,2,0,4,0,17391,2,0,4,2,2,21,4,3,4,1,14,4
24,0,0,0,21,2,4,1,1,4,5,4,3,1,19939,3,0,3,3,3,4,5,4,1,0,14,7
34,0,0,1,4,1,4,3,1,1,1,4,3,1,1475,4,0,3,4,3,17,1,2,8,7,1,5
37,0,2,1,15,4,2,3,1,2,1,1,2,0,11403,2,0,3,1,1,20,0,2,5,4,4,2
58,0,1,0,17,3,5,1,1,4,4,5,1,2,8239,6,0,3,4,3,39,3,3,3,2,10,7
37,0,0,0,12,1,1,2,0,4,1,8,3,1,7710,4,1,3,3,0,20,2,3,16,9,7,10
39,0,2,1,3,4,4,1,0,1,5,5,3,2,9078,4,0,3,2,0,19,2,3,0,0,12,9
45,1,0,1,10,3,4,2,1,4,2,7,2,0,3285,5,1,3,3,1,25,4,4,2,1,10,11
57,0,1,0,15,2,3,3,1,3,2,2,3,0,6223,6,0,3,3,2,40,6,4,0,0,0,7
24,1,0,1,10,4,2,4,0,2,3,1,1,1,14521,9,1,3,2,0,6,1,3,10,5,14,15
18,0,0,1,24,2,4,2,0,3,2,3,2,1,15889,9,0,4,2,3,2,1,1,8,6,0,8
49,0,0,1,23,4,1,2,0,1,4,8,1,2,7971,7,0,3,2,0,32,2,1,2,1,2,3
30,1,0,0,18,5,0,1,0,4,5,8,1,0,12531,8,1,3,2,1,14,0,2,7,6,2,8
47,0,0,1,1,2,0,3,0,2,3,2,2,1,15721,3,0,3,2,3,31,1,1,3,2,12,1
40,0,0,0,3,2,2,4,1,1,4,0,3,0,5943,4,0,3,2,3,24,3,2,9,4,6,8
36,1,0,1,21,2,0,1,0,3,4,0,1,2,7530,4,0,3,1,3,22,3,4,4,3,5,8
49,0,0,1,26,1,3,1,0,4,4,3,1,1,12116,7,0,3,3,1,34,1,4,3,2,6,10
47,1,1,1,27,3,3,4,0,4,1,3,1,1,1258,8,0,3,3,1,31,1,1,19,19,3,12
46,1,0,1,12,2,1,3,1,1,4,5,1,0,1282,6,1,3,2,2,31,2,4,2,1,10,5
46,0,1,0,1,2,5,4,0,3,1,4,2,1,14937,4,0,3,4,2,26,4,3,0,0,1,8
47,1,0,1,3,1,2,1,0,4,2,5,2,0,2898,2,1,4,2,2,33,2,3,6,1,1,15
33,1,0,0,3,1,2,1,1,3,1,6,4,0,5135,0,1,4,1,1,16,4,1,24,24,9,3
57,0,0,1,5,5,0,2,1,2,4,6,4,1,7629,8,1,3,4,3,40,3,1,3,0,0,1
36,0,2,0,19,4,4,4,0,4,5,8,1,2,12168,4,0,3,1,3,18,4,2,0,0,13,6
35,0,0,1,29,2,4,4,1,2,5,5,3,2,1612,8,0,3,4,0,19,2,4,2,0,12,14
18,1,0,1,25,4,5,4,0,4,2,7,1,1,15203,9,1,3,4,2,4,1,2,4,3,13,5
31,0,0,1,1,1,4,1,0,1,4,1,3,1,18071,3,1,3,2,3,13,4,2,1,1,8,10
19,0,0,0,4,1,5,3,1,4,1,7,1,2,3307,4,0,3,1,3,0,2,3,7,5,13,16
45,1,0,1,29,5,1,1,0,4,5,8,4,1,8133,3,1,4,4,3,25,3,3,40,11,13,3
47,1,0,0,29,3,2,2,1,3,3,3,4,1,12205,1,1,3,1,3,28,5,3,4,2,6,6
55,0,1,1,26,1,0,1,1,3,4,4,3,2,6906,0,1,4,2,1,39,4,3,3,3,9,10
21,1,1,1,26,2,1,1,1,2,4,4,1,0,3591,7,0,4,2,2,2,3,2,3,2,2,12
18,0,2,1,4,5,3,1,1,2,3,1,3,0,16149,3,0,3,2,3,4,3,3,0,0,1,2
25,0,0,1,17,3,3,2,0,2,5,4,4,1,13150,4,0,3,2,3,7,0,4,15,5,13,13
46,1,0,0,14,5,3,4,0,4,3,8,1,0,8183,5,0,3,3,3,29,5,3,3,0,2,1
56,0,0,1,18,1,5,3,0,4,2,3,1,1,11102,7,0,3,4,3,37,4,3,3,1,6,4
20,0,2,0,27,3,5,3,1,2,1,2,3,1,18053,7,0,3,3,0,0,2,3,7,6,4,12
49,0,0,2,1,4,2,2,0,1,1,6,2,1,2283,6,0,3,2,3,33,4,1,4,3,11,12
27,1,0,1,22,3,3,4,1,1,5,7,3,2,1923,3,0,3,4,3,9,4,4,7,4,2,13
27,1,2,1,16,2,5,4,0,4,3,5,4,0,2125,5,1,3,4,3,12,5,4,0,0,8,11
36,1,0,1,3,4,5,2,1,1,4,5,4,1,2529,3,1,3,1,0,22,6,2,11,10,1,12
51,0,0,1,23,4,4,1,0,1,4,4,4,0,9438,6,0,3,2,1,37,3,2,19,9,6,12
50,0,0,1,21,2,5,4,0,2,4,5,4,1,17154,0,0,3,3,0,30,3,3,7,0,14,3
40,0,0,1,9,4,3,3,1,1,2,8,4,1,9004,4,0,3,1,3,25,3,1,21,1,9,9
45,0,2,1,23,1,1,2,0,1,2,1,2,1,10752,9,0,4,4,1,31,3,2,1,1,5,4
49,1,0,1,4,3,3,3,1,4,4,2,1,0,11592,9,0,3,3,3,32,5,2,4,1,5,7
24,1,0,0,21,3,4,1,1,4,5,0,3,1,4864,3,1,3,2,1,8,2,3,6,3,13,13
46,0,0,1,5,2,3,2,0,4,2,3,3,1,1226,6,0,3,3,3,29,1,3,6,5,6,1
25,0,0,0,11,1,0,3,0,1,2,1,4,0,16036,8,0,3,3,3,11,0,2,3,2,5,7
18,0,0,2,21,4,4,3,0,2,1,5,3,1,12739,4,0,3,3,1,1,6,2,2,2,1,15
20,0,0,0,26,3,2,1,1,3,1,0,4,1,17648,3,0,3,1,1,6,6,4,0,0,10,6
41,0,0,1,9,3,3,2,1,4,5,7,2,2,10587,8,0,3,4,3,25,3,1,3,3,4,2
40,1,0,1,26,3,5,4,1,4,2,5,2,2,12749,4,1,3,3,0,24,3,4,1,0,2,3
25,1,1,0,3,3,1,4,1,4,2,8,1,1,1645,8,0,4,4,0,10,0,2,9,2,8,6
54,0,0,1,6,5,3,3,1,2,3,5,2,2,17299,7,1,3,1,0,37,3,4,1,1,7,3
20,0,1,1,24,2,1,1,1,3,5,6,2,1,14675,3,0,3,2,0,2,1,4,0,0,9,8
50,0,0,0,11,4,0,3,1,3,5,4,1,2,19888,6,0,3,2,1,35,6,2,5,4,10,16
45,0,0,1,9,4,2,1,1,4,3,7,3,0,11964,4,0,4,3,1,29,4,3,6,3,1,16
25,0,2,0,29,2,5,4,1,1,3,7,4,1,17087,9,0,3,1,0,5,0,2,14,13,14,13
51,0,0,0,15,1,4,3,0,4,1,8,4,1,14537,3,0,4,2,2,37,6,3,6,3,0,13
52,0,0,1,23,2,4,3,1,4,5,5,3,1,14269,4,0,3,1,2,37,2,2,2,1,14,12
49,1,0,1,28,3,2,1,1,1,5,0,1,0,10346,4,0,3,1,2,30,6,2,11,6,3,3
41,0,0,1,3,3,0,2,0,1,3,8,3,1,1587,8,0,3,3,3,23,0,2,5,2,3,12
31,0,0,1,1,2,0,1,0,4,4,2,2,0,13763,8,0,3,3,0,17,1,1,0,0,11,16
49,1,0,1,20,2,3,2,1,2,4,8,1,0,10177,5,0,3,1,3,34,5,3,5,4,9,14
33,1,0,1,29,4,0,4,0,2,1,6,1,1,5079,3,1,4,1,1,17,2,1,16,7,10,10
21,1,0,1,22,4,3,3,0,1,4,2,1,1,4348,1,0,3,3,1,5,4,2,3,3,1,3
54,0,1,0,19,5,1,3,1,4,4,8,4,2,19099,2,0,3,1,2,36,3,4,2,2,6,10
38,0,0,1,14,5,2,1,1,2,4,6,3,1,11785,1,1,3,3,2,19,0,1,1,0,12,9
31,1,0,1,17,3,1,1,0,4,2,6,1,2,13328,4,1,3,4,1,16,2,3,1,1,14,12
48,1,0,1,22,5,1,4,1,4,1,6,1,2,7450,5,1,3,1,2,33,0,2,3,2,2,7
35,0,0,0,14,5,1,4,0,4,3,1,1,1,14230,4,0,3,3,2,18,4,1,6,5,6,12
24,0,0,1,17,1,1,2,1,2,4,3,3,1,6433,1,0,3,1,1,4,0,4,0,0,6,8
27,1,0,0,25,2,4,4,1,3,2,7,4,0,2098,4,0,3,3,3,11,6,1,19,6,0,0
24,1,0,1,27,4,0,4,0,4,4,1,2,2,8096,8,1,3,1,2,9,6,3,9,7,5,0
50,0,1,1,14,5,2,4,0,2,2,3,4,0,19710,3,0,4,2,3,35,2,1,6,6,3,14
40,1,1,1,12,4,2,4,0,3,1,7,1,1,12439,9,1,3,2,2,26,1,4,12,1,10,3
38,0,0,1,16,5,5,2,0,1,4,2,4,1,10087,1,0,4,1,0,24,5,4,0,0,7,0
36,0,1,1,1,5,1,4,0,2,2,5,4,2,17021,2,0,3,2,3,21,2,3,4,1,7,11
36,0,0,0,13,3,2,2,1,3,5,1,2,1,7416,2,1,3,1,3,17,0,4,6,2,2,10
53,0,0,1,6,1,3,1,1,2,5,7,3,2,7980,8,0,3,1,2,33,4,2,12,3,3,14
46,1,2,1,17,2,2,3,0,3,2,7,3,0,19058,3,1,3,4,3,31,6,4,10,6,14,9
35,0,0,1,12,2,1,1,0,3,4,0,4,0,12101,0,0,4,4,0,17,3,2,2,2,0,0
19,0,0,1,23,3,2,4,0,2,4,2,4,1,8950,0,0,3,2,1,3,3,1,19,16,9,2
18,0,0,0,19,3,0,3,1,1,1,1,3,2,10122,6,0,3,4,0,1,4,2,0,0,1,13
22,0,2,1,6,2,1,4,1,4,1,6,3,1,13576,6,1,3,4,1,8,0,2,14,5,6,14
37,1,0,1,7,2,4,4,0,3,3,6,2,2,2089,1,1,3,1,0,19,5,1,24,18,14,0
28,0,0,0,1,1,0,1,1,4,1,3,1,2,5578,8,0,4,3,0,12,4,4,1,0,13,9
59,0,0,0,1,5,2,4,1,1,4,7,4,2,10127,8,1,3,1,3,40,0,2,8,5,10,0
19,0,0,1,29,1,4,1,0,4,3,2,3,1,11487,4,0,3,4,0,0,2,4,0,0,11,14
20,0,0,1,5,2,5,4,0,4,1,8,4,1,1155,2,0,3,1,2,6,5,1,3,1,14,2
40,1,1,1,6,5,0,2,1,2,2,4,4,0,2958,2,1,4,2,2,20,1,3,5,3,6,11
29,1,0,1,16,2,5,3,1,2,5,1,3,2,11693,2,1,3,3,2,9,0,4,6,2,12,15
37,0,0,1,25,1,3,1,1,1,1,8,2,2,7344,5,0,3,4,2,21,3,4,19,5,8,7
22,0,1,1,16,1,0,1,1,2,1,0,4,1,6779,3,0,3,4,3,4,3,3,7,2,9,13
54,0,0,1,14,1,4,3,1,3,2,7,2,0,4830,7,0,3,1,2,37,6,3,4,3,8,0
55,0,0,0,1,5,5,1,0,1,4,5,3,0,10046,4,0,4,1,0,36,5,1,11,3,8,1
47,0,0,1,13,4,3,3,1,2,2,0,1,2,10794,0,0,4,1,2,31,1,4,21,9,5,11
26,1,1,0,20,4,5,2,0,2,1,3,1,0,1441,8,1,3,1,3,7,0,4,0,0,7,16
51,0,0,1,10,2,2,4,0,1,4,2,4,2,15478,0,0,3,4,1,31,1,1,28,25,8,1
52,0,0,1,24,5,1,2,1,3,3,6,3,1,5628,5,0,3,1,0,37,6,4,0,0,11,16
39,0,0,1,10,3,5,4,0,1,1,6,2,1,7370,0,1,3,4,0,24,2,2,11,10,13,6
41,0,1,0,9,4,2,3,1,2,2,5,4,2,10528,2,0,3,1,3,24,1,2,2,1,6,5
34,1,0,0,13,5,1,2,0,2,3,7,3,0,18332,9,1,3,3,1,15,2,2,0,0,3,5
27,0,0,1,3,5,1,4,1,1,5,6,3,1,12565,4,1,3,3,2,11,3,4,4,3,13,7
47,0,0,2,27,4,4,3,0,3,3,3,2,2,9179,9,0,3,1,1,30,2,2,7,2,3,4
40,0,0,1,18,5,3,4,1,3,2,6,4,1,17013,6,0,3,1,0,26,0,2,3,3,5,14
49,0,0,1,20,5,3,1,1,4,3,0,3,1,17843,9,1,3,2,0,35,5,1,0,0,13,6
34,0,0,1,2,4,0,1,0,3,2,2,3,1,1392,7,0,4,3,0,16,5,1,6,3,10,2
34,0,1,0,17,1,2,3,0,1,1,1,3,0,13130,8,0,3,4,1,19,0,3,16,7,3,9
31,0,2,0,28,2,4,4,0,3,4,6,2,0,19171,5,0,3,3,2,15,0,3,3,2,10,2
26,0,0,0,19,3,5,1,1,3,5,8,4,1,11449,8,0,3,4,0,7,0,3,1,1,6,13
57,1,0,1,23,2,2,2,0,4,4,4,4,1,18522,7,1,3,1,3,40,4,3,4,0,7,2
19,0,0,0,13,1,5,4,0,3,4,8,4,1,8418,8,0,3,3,2,3,6,1,0,0,7,0
42,0,1,0,13,1,5,4,1,4,4,7,4,2,3454,9,0,3,3,0,25,2,1,12,7,13,0
56,1,0,1,1,5,5,1,1,4,2,0,1,0,18761,3,0,3,2,2,39,0,1,12,8,7,3
26,1,0,1,2,2,0,1,0,3,2,1,1,1,16223,8,1,3,2,3,9,5,2,6,0,1,1
39,0,1,1,1,1,0,3,0,2,5,5,4,0,7701,6,1,4,3,1,20,1,2,3,1,13,10
21,1,1,1,24,2,4,4,1,1,2,4,2,0,3597,4,1,3,3,0,5,1,3,11,11,9,11
43,1,0,0,5,1,0,2,1,1,2,6,1,1,1141,4,0,4,3,3,23,4,2,5,2,1,12
46,0,0,1,24,3,4,1,1,3,2,8,3,2,3659,0,0,3,4,0,26,2,4,12,4,1,15
51,0,0,0,3,1,0,4,0,1,2,3,1,0,10031,1,0,3,1,0,32,2,1,6,0,1,15
40,0,0,1,29,2,3,1,0,1,1,7,3,1,16037,9,0,3,2,1,26,6,3,10,7,3,8
54,0,1,1,28,5,4,3,1,4,5,3,4,1,14970,2,0,3,1,1,35,2,3,6,5,4,15
28,0,0,1,7,2,3,4,1,2,2,2,1,0,6661,7,0,3,2,2,13,5,4,3,1,3,6
23,0,0,2,24,4,3,4,1,1,5,1,2,1,7142,5,0,3,2,3,6,5,2,22,6,14,12
35,1,1,1,22,2,4,3,0,2,3,7,1,2,13109,9,1,3,2,3,19,6,3,5,1,4,3
38,0,0,1,13,3,2,2,0,1,1,7,1,1,9787,4,0,3,3,1,22,4,2,6,6,3,12
59,1,0,0,29,3,1,1,0,2,2,2,1,0,11096,0,0,3,2,0,40,2,2,1,0,6,7
53,1,0,1,23,3,0,3,0,2,1,0,4,1,9472,8,1,3,1,2,35,2,4,6,5,9,1
58,0,1,0,28,1,5,4,1,1,1,5,2,1,17807,2,0,3,2,1,38,0,3,5,3,0,6
55,1,0,1,18,3,0,3,1,4,3,4,1,0,5249,2,0,3,1,2,37,2,2,1,0,13,10
51,0,0,1,24,2,5,4,0,2,5,7,2,0,15949,1,0,3,2,2,33,5,2,0,0,12,16
34,1,0,0,21,5,2,3,1,2,1,5,4,0,2750,3,0,3,2,3,14,0,4,6,5,0,13
54,0,1,1,7,3,1,2,1,1,4,3,3,0,19351,1,0,3,3,2,39,0,4,10,4,1,12
42,1,0,0,1,2,2,4,0,2,3,1,1,0,5088,8,0,3,1,3,28,2,2,5,4,12,14
55,0,0,1,5,1,1,3,1,2,4,7,2,1,16282,9,0,3,2,0,35,1,4,1,1,0,8
29,0,2,0,17,1,4,2,0,4,3,4,2,1,10641,6,0,3,2,0,15,3,2,7,3,11,2
40,0,2,1,28,5,4,2,0,2,4,7,4,2,6075,7,0,3,1,1,22,5,3,0,0,14,12
59,0,2,1,29,5,5,1,0,4,4,4,1,1,11412,2,0,3,2,0,40,1,1,4,3,9,12
39,0,0,1,8,2,3,4,1,2,1,5,3,2,16686,5,0,4,4,3,21,2,4,1,0,11,8
38,0,1,1,15,5,3,1,0,2,1,4,2,1,8230,9,0,3,3,2,21,2,1,1,1,11,4
44,1,0,0,20,5,5,2,1,4,3,2,1,0,16432,5,0,3,1,2,30,1,2,1,0,9,10
48,0,0,1,4,1,4,1,1,4,5,7,3,1,12002,0,1,3,3,0,34,2,2,3,3,12,1
23,0,0,0,2,2,5,1,0,3,1,2,2,2,14947,5,1,3,4,3,6,5,2,0,0,13,16
44,0,0,1,5,5,3,3,0,2,1,3,2,0,14686,2,1,3,4,2,27,6,1,3,1,10,3
57,0,0,1,1,2,5,1,0,4,2,5,3,0,18915,2,0,3,4,0,40,0,2,5,3,2,7
51,1,0,1,25,3,4,2,0,2,1,1,3,1,14074,2,1,4,1,3,32,4,4,4,0,5,11
29,1,1,0,5,1,2,1,0,2,5,6,4,1,5493,9,1,3,4,3,12,2,3,3,1,9,10
24,0,0,0,6,1,0,4,1,2,2,4,1,0,18317,9,0,3,1,2,10,2,3,12,3,10,15
27,1,0,0,2,1,4,3,1,1,4,4,1,0,2460,7,0,3,1,1,11,1,4,1,1,5,4
34,0,0,1,26,4,5,2,1,3,4,4,4,0,15140,4,0,4,2,1,20,0,3,4,2,0,2
43,0,2,0,26,2,4,1,0,1,2,1,2,1,11704,3,1,3,1,3,29,1,1,0,0,5,11
38,0,0,2,1,3,4,4,0,3,2,8,3,1,17669,8,0,3,4,3,23,6,2,0,0,4,14
45,0,0,0,4,5,3,2,1,2,2,2,3,1,17648,8,0,3,1,0,26,5,2,5,5,6,15
19,0,0,0,7,3,5,1,0,2,3,6,3,1,7816,0,0,3,1,3,0,1,2,5,5,5,12
18,0,1,1,22,2,3,3,1,4,5,4,2,1,12639,1,0,3,3,0,1,2,1,14,7,11,6
53,0,0,0,26,1,5,1,1,3,5,4,3,0,15424,7,0,4,4,0,35,0,1,5,5,11,14
43,0,0,1,1,4,3,2,1,3,4,3,3,1,14965,4,1,3,1,0,29,5,1,22,0,6,2
46,1,0,1,1,2,3,2,0,1,4,5,4,0,19146,6,1,3,2,3,26,2,4,0,0,1,11
38,1,1,0,8,2,2,2,0,3,4,6,2,1,12240,0,1,4,1,3,20,5,1,0,0,11,7
28,0,0,1,20,5,4,4,1,2,1,6,1,1,1040,9,0,3,1,0,10,2,3,0,0,0,11
57,0,0,1,16,3,2,1,0,4,4,7,4,0,6827,4,0,3,3,2,38,2,4,1,1,13,2
28,0,0,0,21,3,3,1,0,1,2,4,4,0,9259,2,0,3,4,3,9,2,4,5,4,6,11
53,1,2,0,13,5,2,1,0,4,4,6,1,0,18371,9,1,3,4,1,38,4,4,7,6,8,1
56,0,0,1,23,4,4,3,1,3,2,3,4,0,15849,1,0,3,2,2,40,3,1,0,0,1,13
57,0,0,0,24,1,4,4,1,3,3,8,2,1,17232,1,0,4,2,1,38,0,4,20,20,11,13
52,0,0,1,26,1,3,4,1,1,1,4,3,2,8804,8,0,3,2,3,36,6,1,12,12,6,3
51,0,0,1,23,4,4,3,1,3,1,2,2,1,6374,3,0,3,1,2,35,4,1,2,2,2,16
41,1,0,0,18,5,2,4,1,4,5,4,1,1,3524,3,1,3,1,3,21,3,4,0,0,5,14
39,0,0,1,20,2,1,3,0,2,3,8,1,1,10277,6,0,3,2,3,20,5,2,1,1,2,15
22,0,2,1,10,3,4,2,1,1,2,7,4,1,19863,9,0,3,4,2,5,3,2,0,0,12,4
50,0,0,1,12,2,2,2,0,3,3,0,2,2,10885,9,1,3,4,3,35,3,4,0,0,9,16
53,1,1,1,1,3,2,4,1,4,1,4,2,2,1778,1,1,3,2,2,34,4,2,5,3,12,6
37,1,0,1,10,2,2,2,0,2,2,5,1,2,2492,2,0,3,3,3,21,0,3,1,1,10,14
36,0,2,0,9,5,4,2,0,3,3,1,2,2,18044,2,0,3,4,0,17,1,3,3,2,10,16
52,1,0,1,3,5,1,2,1,1,1,5,1,0,18732,5,0,3,4,1,36,3,1,31,12,10,11
34,1,0,1,28,4,3,1,0,3,2,8,2,1,14615,2,1,3,2,0,15,1,2,8,5,4,10
51,0,0,1,19,2,3,2,0,3,2,3,2,2,13132,4,0,3,4,3,37,1,3,20,11,14,10
26,0,1,1,26,2,4,1,0,3,1,2,2,1,11178,3,0,3,1,3,9,2,4,1,1,1,1
43,0,1,1,9,4,4,3,0,2,2,8,1,2,8851,2,0,3,1,3,23,1,2,3,1,7,14
19,0,0,1,10,4,0,3,0,2,1,1,4,0,17288,7,0,3,4,0,5,5,3,5,5,13,4
26,0,0,1,19,5,5,3,0,3,4,8,2,1,8156,9,1,3,1,3,9,5,3,0,0,7,15
26,0,0,1,16,5,1,3,1,3,4,1,1,2,3044,2,0,3,3,2,10,2,4,0,0,6,3
57,0,0,1,24,2,2,3,0,1,2,2,1,1,8368,5,0,3,4,1,40,0,1,7,2,5,9
34,0,0,0,18,5,5,2,1,3,2,6,2,1,14635,6,0,3,2,3,19,6,4,7,7,0,1
18,0,0,1,14,5,2,2,0,4,1,1,2,0,10168,6,0,3,1,3,0,0,1,3,2,7,14
42,0,0,0,29,2,5,2,0,4,2,0,4,1,18111,1,0,3,3,1,25,5,3,4,1,0,3
57,0,0,0,3,4,3,3,0,1,5,8,1,2,12328,2,0,3,3,1,38,6,1,3,2,7,15
59,0,1,1,2,2,5,3,0,2,4,5,1,1,14319,9,0,3,1,1,39,2,3,0,0,10,6
42,0,0,1,1,1,4,1,0,3,2,8,3,0,1342,9,0,3,3,0,23,0,3,2,0,1,11
56,1,1,1,18,2,1,4,0,1,2,2,1,0,2447,3,0,3,4,0,37,6,2,1,0,7,2
52,0,0,1,24,1,3,2,0,2,3,2,4,2,7581,6,0,3,3,3,35,6,1,0,0,9,16
20,0,1,0,9,2,5,4,0,1,2,2,3,1,12851,1,0,3,1,1,0,3,1,21,2,11,8
54,0,0,1,13,1,1,3,1,2,5,1,3,0,7317,2,0,3,3,3,36,0,1,6,5,3,7
47,1,1,0,2,1,4,3,1,3,4,5,3,0,17910,6,1,3,1,3,33,2,4,9,9,6,5
55,0,0,0,7,2,2,3,1,1,3,2,2,2,11088,6,0,3,1,3,36,6,2,2,0,4,14
51,0,0,1,16,5,0,4,1,3,1,4,2,2,13946,9,1,3,3,0,31,5,2,3,2,7,9
29,1,0,1,21,3,1,1,0,1,1,4,1,0,17789,2,0,3,1,1,11,3,2,1,1,11,5
36,0,0,0,19,5,2,3,0,2,4,2,3,0,15567,0,0,3,1,3,22,1,4,0,0,14,14
54,0,0,1,25,1,1,1,0,1,1,2,4,2,15868,2,0,4,2,0,35,1,1,1,1,5,13
34,0,0,1,15,2,1,1,1,4,5,0,2,1,10765,4,0,3,4,2,14,1,1,11,11,13,12
27,0,1,0,22,2,1,2,1,4,2,5,4,2,13466,6,0,4,1,2,13,5,1,7,6,14,13
29,0,0,0,11,2,4,4,1,1,4,2,4,1,19230,3,0,3,4,3,12,6,2,5,1,4,2
33,0,0,1,1,2,3,3,0,4,3,0,2,1,18862,0,1,3,2,3,18,2,2,4,2,0,3
41,0,0,0,21,3,1,1,0,3,2,8,2,1,11587,5,0,3,2,1,26,1,3,17,14,2,13
36,1,0,2,7,4,4,4,1,4,1,0,2,2,1771,1,1,3,2,1,17,0,4,0,0,9,13
25,0,0,1,20,1,0,4,0,4,1,4,2,1,17300,2,0,3,2,3,6,1,4,2,2,8,7
48,0,1,1,8,3,3,3,0,3,3,4,3,0,9770,3,0,4,4,0,34,6,2,3,3,14,9
38,0,0,1,10,5,4,2,0,3,5,1,3,1,12093,5,0,3,3,3,18,4,3,10,5,13,8
34,0,0,1,5,4,0,2,1,2,3,0,3,2,14803,5,1,3,3,1,19,5,1,34,29,8,13
40,1,0,0,9,4,3,1,0,3,4,5,3,1,1193,6,1,3,4,1,21,4,2,1,1,4,7
54,1,0,1,25,2,4,2,1,1,3,6,1,1,3007,4,0,4,1,0,36,1,4,14,13,2,10
33,0,0,1,25,3,0,2,1,4,1,8,3,1,18569,6,0,3,4,3,14,6,4,12,12,5,9
23,0,0,0,1,5,4,2,0,2,5,7,2,0,19778,1,0,3,1,1,8,1,4,1,1,4,3
25,0,2,1,2,2,0,4,0,3,5,2,4,0,12190,0,0,3,1,3,9,4,1,3,0,14,3
42,0,0,0,19,2,1,3,0,4,3,8,3,0,10984,9,0,3,3,1,27,6,4,3,2,0,11
35,1,0,0,14,1,1,4,1,1,4,0,1,1,10302,7,1,3,2,2,17,5,1,26,4,1,7
42,0,0,1,20,4,3,4,1,1,1,5,2,1,8429,0,0,3,3,2,22,5,1,1,1,11,2
29,0,1,1,10,5,0,3,0,2,2,1,4,2,3261,1,0,3,3,2,11,1,1,11,8,4,6
32,0,1,1,9,4,1,4,0,1,5,8,4,2,7716,9,0,3,4,1,16,5,2,2,1,13,0
43,0,0,0,10,3,3,1,1,4,3,8,3,1,9921,5,0,3,4,0,27,3,1,9,6,8,12
58,1,2,1,29,1,2,1,1,3,4,7,4,1,5378,0,1,3,1,2,39,6,3,3,0,11,2
43,0,0,0,6,2,1,4,1,1,4,6,3,0,8815,9,0,4,4,1,24,6,4,6,2,3,2
49,0,0,1,17,1,1,2,1,3,1,5,3,0,14778,2,1,4,1,3,34,5,2,12,8,8,14
27,0,1,1,28,2,5,4,1,4,5,1,2,0,13728,6,0,3,1,2,10,6,4,11,9,2,3
33,0,1,1,25,1,4,2,0,4,1,3,2,1,11332,7,1,3,2,0,15,4,1,14,4,0,12
24,0,2,1,6,2,2,4,1,3,2,6,1,0,10836,3,0,3,2,0,9,2,2,0,0,5,12
34,0,1,1,4,4,0,1,1,4,2,5,2,0,3800,2,0,3,3,0,17,4,3,8,6,14,14
40,0,2,2,20,4,3,2,0,2,2,8,2,1,9333,0,0,3,2,3,25,0,1,1,0,9,15
43,0,0,2,3,4,2,1,1,1,4,4,3,1,6410,8,0,3,1,3,27,3,4,3,2,13,6
38,0,0,1,23,4,0,4,1,2,5,5,2,1,18839,9,0,3,4,0,19,2,3,5,2,6,2
39,0,0,2,19,1,1,3,0,2,1,5,3,1,6808,5,1,3,2,0,20,1,1,3,1,3,1
24,0,1,1,18,2,5,2,1,2,1,7,3,0,7796,5,0,3,2,0,9,6,3,5,0,9,10
31,1,0,1,26,4,3,2,0,3,2,7,2,0,11288,8,1,3,2,3,12,0,1,39,10,4,0
32,1,0,0,24,1,3,4,1,3,5,5,1,0,18709,0,0,3,2,3,12,0,2,1,1,3,15
24,1,1,0,4,2,2,4,1,4,5,7,1,0,18543,5,0,3,1,1,9,3,1,7,3,2,16
26,0,2,1,8,1,4,2,0,3,3,6,4,1,5650,4,0,3,1,2,10,2,2,3,1,0,15
25,0,0,1,17,4,0,3,1,4,5,0,4,2,5987,5,0,3,3,3,11,0,1,0,0,12,9
40,1,0,1,5,3,5,4,1,3,5,4,2,1,16200,7,1,3,4,0,25,2,1,1,1,5,16
46,1,0,1,13,1,5,4,0,4,1,4,1,1,5697,4,1,3,3,2,31,2,4,20,2,9,2
35,0,0,1,25,4,2,4,1,1,5,8,3,2,17724,1,0,3,3,3,16,5,3,14,12,4,13
48,0,0,1,1,5,4,3,1,4,5,6,4,0,4828,1,0,3,2,2,32,0,3,16,10,10,1
47,1,2,1,27,2,4,2,1,1,1,6,3,0,19352,9,1,3,4,1,32,2,3,33,31,0,11
56,0,0,0,13,4,4,1,1,4,5,1,4,1,18087,4,1,3,2,3,37,3,1,1,1,4,10
52,0,0,1,4,5,3,4,1,3,1,7,2,1,13605,2,0,3,1,0,34,0,1,3,2,5,16
35,0,0,1,22,1,0,3,0,3,3,2,1,1,6482,9,0,3,3,0,19,3,1,7,6,9,5
59,0,0,1,26,1,0,2,1,1,4,8,4,1,19184,2,0,3,4,1,40,3,2,4,0,4,12
56,1,0,1,24,5,2,2,1,2,1,5,1,0,6463,7,0,4,1,1,36,2,2,3,1,0,6
34,0,1,0,14,5,1,3,0,2,1,8,3,1,14860,6,1,3,3,1,17,2,4,3,1,13,10
31,0,1,0,3,2,2,4,0,4,5,8,2,0,5912,0,0,3,4,1,17,5,1,6,2,4,6
48,0,0,1,5,1,0,1,0,3,1,6,1,1,5648,4,0,4,3,1,32,6,3,5,5,9,12
41,1,1,0,7,5,3,4,0,2,2,7,2,2,1855,8,1,3,4,3,26,5,3,1,0,0,12
52,1,0,0,1,3,2,2,1,3,2,1,1,0,3866,3,1,3,3,3,33,0,4,4,1,10,0
51,0,0,1,23,3,1,1,1,3,3,4,3,0,12834,0,0,3,2,2,37,5,3,5,4,2,14
20,0,0,1,29,5,5,4,1,3,1,2,3,0,17294,7,0,3,3,1,4,1,4,5,5,11,13
54,0,0,1,12,2,2,1,1,4,5,0,2,0,17566,4,1,3,3,0,34,0,1,1,0,12,2
57,0,0,0,11,1,4,3,1,1,5,5,3,1,4112,1,0,3,4,0,40,3,3,9,9,1,3
43,0,0,1,24,3,1,4,1,4,4,8,4,1,5492,0,0,3,4,1,29,5,1,0,0,12,6
40,0,0,1,8,5,4,2,1,2,3,1,1,2,16114,2,0,3,2,1,21,5,2,3,1,0,0
56,1,0,1,25,5,3,2,0,1,5,8,3,1,2517,8,0,3,4,1,39,6,3,10,8,3,2
32,0,0,1,6,4,0,1,1,2,4,7,4,0,17018,0,0,3,3,1,14,5,2,5,0,1,14
21,0,0,1,28,5,2,3,0,1,5,8,2,0,18740,3,0,3,4,1,4,2,3,2,1,4,12
46,0,0,1,22,2,2,4,0,1,4,4,4,0,12431,7,0,4,4,0,27,3,1,8,4,9,13
39,0,0,1,2,3,4,3,0,4,2,1,2,0,9210,7,0,3,4,2,25,5,4,5,0,0,6
42,0,0,0,19,4,4,3,1,3,2,5,2,1,12595,9,0,3,2,1,23,4,1,11,6,11,0
30,1,1,0,20,3,0,1,1,3,5,6,1,0,13871,7,0,3,2,1,10,4,1,9,8,9,12
35,0,0,0,20,3,2,1,0,1,3,2,1,2,13743,9,0,3,1,1,19,3,1,6,5,0,3
50,0,0,0,24,2,0,4,1,4,1,5,4,1,10324,7,0,3,2,3,34,5,3,4,2,10,11
33,1,0,0,14,5,4,2,1,2,3,5,1,1,12531,3,1,3,2,0,16,6,4,1,1,9,6
59,0,0,1,1,2,5,4,0,2,3,7,1,1,7588,7,0,3,2,0,40,1,2,2,1,3,1
19,0,2,0,10,5,4,3,0,3,1,0,1,1,4311,8,0,3,3,2,1,6,1,3,3,6,16
52,0,0,2,16,4,1,1,1,3,2,3,4,1,1987,6,0,4,1,3,34,1,3,6,6,13,0
59,1,0,1,4,2,4,3,0,2,2,0,3,1,4321,1,1,3,3,3,39,0,2,5,1,13,13
51,1,1,0,27,2,4,1,0,2,1,7,1,0,16812,8,0,3,2,3,32,0,1,2,0,1,0
47,1,0,1,28,1,5,2,0,4,4,1,1,2,5615,7,0,3,2,2,27,6,2,0,0,1,2
30,0,0,0,29,2,0,3,1,2,3,7,4,0,16512,4,0,3,1,2,14,5,1,4,0,0,10
30,0,1,2,11,1,1,1,1,4,5,2,3,1,14146,2,0,3,1,2,15,6,2,2,0,4,6
35,1,1,1,16,5,1,4,0,3,2,7,1,1,14654,6,1,4,4,3,20,0,2,9,1,5,8
49,1,0,0,27,5,2,4,0,2,5,5,2,0,4052,1,1,3,2,0,34,2,4,0,0,12,2
49,0,0,1,20,5,5,4,1,3,1,0,4,0,1726,2,0,3,2,3,30,1,4,6,2,5,0
52,0,1,1,1,1,3,3,1,1,5,6,1,0,4760,8,0,3,3,2,32,3,1,19,13,1,1
56,0,0,0,16,5,2,1,1,1,5,6,1,1,2875,3,0,4,4,3,40,6,3,1,1,11,4
46,0,0,1,19,3,2,1,1,1,3,5,2,1,14969,3,1,3,2,1,29,5,4,4,2,11,16
46,0,0,1,21,2,2,1,1,2,1,0,2,2,5033,2,0,4,3,3,30,5,2,0,0,6,4
33,1,0,0,22,1,1,3,1,3,5,4,4,1,6443,4,1,4,1,3,18,4,4,6,0,5,13
27,1,0,1,9,5,0,1,0,2,2,0,4,0,18373,2,1,3,3,0,13,1,4,5,5,7,9
47,0,0,0,9,3,4,2,0,3,1,0,2,1,4744,8,1,3,2,0,29,1,1,3,2,5,6
42,0,1,1,9,2,1,3,0,4,2,5,4,1,17977,2,0,3,3,0,22,1,4,5,0,8,7
56,1,0,0,27,2,4,2,1,2,4,7,2,1,2774,1,0,3,3,1,40,6,4,15,4,9,7
37,0,0,2,17,5,4,2,0,1,5,0,1,1,11651,4,0,3,4,0,21,0,2,1,0,1,6
22,0,0,1,12,3,3,4,0,4,1,1,2,1,1935,5,0,3,4,1,4,2,4,0,0,6,12
18,1,0,0,25,1,2,3,0,3,2,4,2,0,14395,0,1,3,1,2,0,6,2,13,11,4,13
47,0,0,1,13,5,3,1,0,2,5,7,3,1,4808,5,0,3,4,0,29,3,4,6,4,0,10
20,0,0,0,8,2,2,2,0,3,3,3,2,0,17715,9,0,3,3,3,5,0,4,15,3,2,1
31,0,0,1,16,2,1,3,0,3,2,4,2,1,12641,2,0,3,4,3,16,6,3,6,4,3,16
47,0,0,0,18,2,4,1,0,2,2,4,3,0,15376,3,1,3,2,1,27,2,4,11,10,11,5
21,0,2,1,29,5,3,4,1,2,4,2,4,2,6889,5,0,3,3,0,3,1,2,3,0,1,8
35,0,0,1,27,4,5,3,0,3,3,5,3,1,6054,7,0,3,3,3,18,2,2,9,2,6,4
54,0,0,1,1,4,1,3,0,3,4,4,1,1,4868,8,0,3,3,2,38,0,1,17,3,0,8
42,0,0,0,1,4,1,3,1,4,3,1,3,2,17585,5,0,3,2,0,24,6,1,5,2,2,6
18,1,0,1,12,3,5,1,0,1,2,3,1,2,19881,6,1,4,3,2,2,1,3,1,0,11,3
32,0,0,1,6,5,2,2,1,3,4,3,4,1,2842,4,0,3,4,3,13,6,2,2,2,8,16
26,1,0,1,9,2,4,2,0,1,5,6,3,0,11058,8,1,3,2,0,12,0,2,1,0,10,3
32,0,0,1,23,3,2,3,1,4,3,6,3,2,10101,3,0,3,3,1,13,3,2,1,0,13,15
41,0,0,1,5,4,2,3,0,1,2,8,4,1,13497,9,0,3,4,3,23,1,3,2,0,1,4
21,1,0,1,27,1,1,1,0,1,1,1,1,1,5658,5,1,4,4,2,5,2,2,5,1,4,8
29,0,0,1,16,3,2,4,0,4,3,5,3,2,12381,4,0,3,1,0,15,0,1,6,0,3,1
54,1,0,0,18,3,0,3,0,3,3,1,1,0,8544,0,0,3,4,2,35,4,3,3,2,11,1
54,1,0,1,17,5,5,3,0,1,5,8,3,0,8718,4,1,3,4,2,36,2,1,6,6,2,3
23,0,1,1,18,3,5,4,1,3,3,1,2,1,14851,4,0,3,1,1,7,2,1,0,0,4,16
56,1,1,0,1,5,4,3,0,3,3,5,3,1,18154,8,1,3,1,1,38,1,3,0,0,5,2
41,0,0,1,19,1,5,2,1,2,5,7,4,1,12777,0,0,3,2,3,26,6,4,1,0,0,4
28,0,2,1,22,2,2,3,0,3,5,5,4,1,2628,4,0,3,4,1,12,5,4,5,5,1,9
30,1,0,1,29,2,2,2,0,3,4,2,1,1,1386,6,0,3,2,1,11,2,1,1,1,0,5
51,0,0,0,8,4,3,1,0,1,2,4,3,1,7031,5,0,3,2,3,33,0,4,2,1,2,2
42,0,0,0,3,4,4,1,1,3,2,3,1,2,7439,5,0,3,3,3,23,4,2,3,2,7,16
24,1,0,1,26,1,4,2,1,3,4,0,1,0,14392,6,0,3,2,3,6,3,3,11,2,7,9
21,1,0,0,25,2,5,2,1,2,2,4,2,1,19850,5,1,3,2,3,1,4,1,0,0,3,11
25,0,0,2,26,4,2,4,1,2,3,4,2,2,3282,4,0,3,2,2,6,0,2,7,7,5,0
37,0,0,1,5,3,0,2,1,1,4,6,4,1,2856,9,0,3,2,2,18,1,4,7,1,11,3
46,1,0,0,23,5,3,2,0,1,4,6,1,1,16670,4,1,4,1,3,29,0,2,11,10,8,14
27,0,2,1,8,4,0,3,0,2,2,1,4,0,2998,8,0,3,4,3,13,5,4,18,16,13,8
51,0,0,1,19,1,2,4,1,2,1,3,3,2,6476,7,0,4,3,0,36,5,1,0,0,6,5
43,0,0,0,18,2,4,2,1,4,2,0,1,1,10428,9,0,3,1,0,24,5,2,1,0,1,11
58,1,0,1,18,1,4,2,0,3,1,4,1,1,5669,3,1,3,3,0,40,2,3,15,12,10,14
20,1,0,0,21,5,0,2,0,1,4,4,3,1,13336,3,1,3,3,1,6,1,1,4,3,1,8
23,0,0,2,1,5,1,3,1,1,1,3,3,1,10342,9,1,3,1,2,5,6,2,5,2,2,12
22,0,0,1,15,1,2,3,1,3,3,6,4,1,8064,4,0,3,2,2,2,5,2,7,1,7,15
22,1,1,1,18,4,4,3,0,3,5,5,4,1,8446,2,1,3,1,0,6,6,4,7,6,9,12
40,0,1,1,29,4,5,1,1,1,1,2,3,1,18815,7,0,3,3,0,26,3,1,18,5,14,0
26,1,0,1,25,2,1,3,0,2,5,1,4,1,6624,6,1,4,3,2,10,3,1,40,23,8,2
52,0,0,0,7,2,4,2,1,2,3,3,3,1,8461,4,0,3,2,1,36,6,1,8,0,12,16
37,1,0,2,16,3,5,3,1,3,5,8,1,0,2819,9,0,3,1,0,21,0,1,2,0,13,4
59,0,0,1,16,3,4,3,0,1,3,4,1,0,11516,2,0,3,4,3,40,5,4,14,8,2,5
52,0,2,1,15,2,1,4,0,3,5,0,2,2,14749,4,1,3,3,0,32,2,3,0,0,8,16
35,0,0,1,6,3,0,2,1,2,5,2,1,1,18514,2,0,3,1,2,18,3,1,1,1,11,16
34,0,0,1,9,1,2,3,0,4,2,8,3,1,3658,9,1,3,2,2,19,4,4,15,3,11,0
41,0,0,1,7,4,1,1,1,4,1,6,4,0,4500,4,0,3,2,0,22,1,3,2,2,9,6
20,0,0,1,14,3,1,4,1,2,5,2,2,2,3120,0,0,4,4,0,6,4,3,1,1,11,15
49,0,2,1,11,3,4,3,0,3,4,0,4,1,5020,5,1,3,3,3,33,6,4,1,1,7,4
52,0,1,1,21,1,5,4,0,4,2,3,3,2,11213,9,0,3,4,3,33,3,1,13,11,4,15
55,0,0,1,16,5,1,4,0,2,1,8,1,2,4259,3,0,3,4,1,40,3,3,4,4,10,3
30,0,1,1,25,2,2,1,1,1,2,6,2,2,11081,3,1,3,4,1,11,0,1,7,3,9,10
42,0,0,1,6,1,0,1,0,3,1,4,3,2,2823,7,0,4,4,3,26,0,1,1,0,2,13
26,1,0,0,22,5,5,1,0,3,3,5,2,0,18858,1,1,3,2,1,9,5,2,9,9,10,12
21,0,0,1,27,1,0,2,0,4,5,0,2,2,19626,3,0,3,3,1,7,6,1,9,3,6,7
31,1,0,0,16,4,0,4,1,3,4,6,1,0,14467,1,0,3,4,0,12,1,2,2,0,8,14
54,0,0,0,20,1,2,3,0,4,2,4,3,2,7990,0,1,3,3,3,36,5,3,3,2,11,6
51,0,0,1,29,1,4,1,0,4,2,6,4,0,4134,9,0,3,2,0,32,0,4,1,0,5,8
28,0,0,1,16,4,5,1,0,2,2,4,2,1,19454,2,0,3,2,0,13,2,2,26,12,2,10
58,0,0,1,12,2,5,4,0,4,2,4,2,0,17743,7,0,3,1,1,40,1,4,7,6,4,9
20,0,0,1,17,5,2,4,1,1,5,2,4,1,16434,5,0,3,1,0,0,2,3,19,18,6,13
45,0,0,1,5,3,5,4,1,3,1,4,3,0,16007,6,0,3,3,2,26,5,1,2,2,7,15
46,0,0,0,27,2,1,3,1,4,5,7,2,1,11233,1,0,3,1,1,29,0,3,10,2,12,7
26,0,1,1,25,1,3,2,1,3,3,7,2,2,17378,5,0,3,4,2,8,1,4,10,7,13,0
20,0,0,1,13,3,3,2,0,4,5,1,2,1,2141,7,0,3,3,1,2,5,3,8,5,11,11
42,0,0,1,8,4,3,1,1,2,5,0,3,0,19019,7,0,3,2,0,22,3,1,23,8,3,2
51,0,0,1,24,2,0,2,0,1,3,1,3,1,11135,3,0,3,2,1,36,5,3,3,0,1,1
29,0,0,1,5,5,5,3,1,3,5,6,4,0,13966,5,0,4,4,2,9,6,1,0,0,9,15
59,0,0,1,12,2,2,2,0,2,1,2,3,1,4361,4,0,3,1,1,40,4,2,7,7,1,3
26,0,0,0,9,2,5,3,0,3,4,7,3,2,8835,8,0,3,3,2,7,3,4,9,0,11,1
32,0,0,1,3,3,2,1,0,2,3,3,1,1,12172,7,0,3,3,3,16,2,1,5,5,2,11
57,0,1,2,3,4,5,4,1,1,2,7,4,0,17390,1,0,4,4,0,40,3,1,1,1,7,16
42,0,0,1,1,4,0,3,1,4,1,1,2,1,4267,6,0,3,1,2,24,5,3,4,3,0,9
22,0,0,2,25,2,1,4,1,2,4,4,3,2,7564,6,0,4,3,3,2,3,2,2,2,13,7
28,1,0,1,22,4,3,1,0,3,1,5,2,0,19990,0,1,3,4,0,11,4,1,3,3,6,1
51,0,0,1,18,3,3,3,1,3,1,0,2,1,12411,0,0,3,3,3,36,6,2,7,0,5,11
41,1,0,1,24,3,5,3,0,2,2,0,1,1,6906,3,0,3,2,2,25,5,2,9,1,13,9
32,0,0,1,12,5,0,2,1,1,4,8,3,1,17028,4,0,3,3,0,14,4,3,1,0,1,7
55,1,0,0,9,4,3,3,1,1,1,4,4,2,8611,3,1,3,3,3,37,3,1,3,1,8,9
25,0,1,0,9,5,5,1,1,4,2,3,3,1,18297,6,1,3,3,2,10,4,3,2,2,12,10
22,0,0,0,18,1,4,4,1,4,3,0,2,1,3011,2,0,3,1,3,6,3,4,1,1,11,13
43,0,1,0,18,3,5,3,1,3,2,2,4,1,18826,6,0,3,1,0,25,1,4,10,2,4,14
35,1,0,1,29,2,2,1,0,3,5,3,3,0,12246,7,1,3,4,0,19,3,1,16,3,1,9
23,0,0,1,7,3,3,1,1,4,2,4,2,0,14790,5,0,4,1,0,5,0,2,3,1,2,3
54,0,0,0,27,1,3,3,1,4,2,4,2,1,12738,5,0,3,3,2,35,4,1,9,0,6,6
30,1,0,2,4,2,4,2,1,4,2,7,1,0,15730,7,1,3,3,3,15,6,1,15,0,6,10
45,0,0,0,13,4,1,3,0,2,1,2,1,2,12120,7,0,3,1,3,29,4,4,13,1,9,2
22,0,2,1,17,4,5,3,1,4,4,6,1,0,19213,6,0,3,1,2,5,2,4,1,1,0,4
30,0,0,0,24,3,1,2,1,2,2,5,2,0,9767,5,0,3,3,0,11,6,2,21,21,14,1
34,0,1,0,2,2,5,1,0,2,2,5,3,1,14703,5,0,3,3,1,20,6,2,3,2,9,11
57,1,1,0,14,2,4,3,1,4,5,8,1,0,1929,9,0,3,2,0,40,2,1,2,2,13,4
49,0,0,1,3,5,1,2,0,1,5,6,3,1,12951,5,0,4,4,1,34,0,3,0,0,10,6
46,0,0,1,5,1,0,4,0,1,3,6,1,1,16845,7,0,3,1,0,28,4,1,4,0,10,3
20,0,0,0,14,4,4,4,1,3,3,0,4,1,18438,0,1,3,4,2,6,6,2,0,0,11,10
57,0,1,1,3,3,5,2,0,4,5,0,4,2,16747,4,1,3,3,1,40,4,3,2,2,3,8
51,0,1,0,23,2,2,1,1,3,4,8,1,1,6744,2,0,4,4,2,32,6,4,2,0,5,3
